Category,Job_Title,Company,Location,Job_Type,Job_Description_clean,Extracted_Skills,Source,Source_Url,Job_Description_length
Sales,Sales Representative,RoadRunner Modern Waste + Recycling,Remote,Full-time,"About RoadRunnerAt RoadRunner, our daily motivation is to accelerate the road to Zero Waste™ while providing maximum value for our customers and our communities. We achieve this through efficient, cost-effective and sustainable waste operations.Our team cares deeply about each other and our planet, and we are dedicated to leveraging technology and innovation to modernize a vital industry with integrity, expertise and a passion for create a future where waste is a problem of the past™.Technology, artificial intelligence and data-driven strategies are the backbone for our team of waste experts to reliably provide our customers with the most streamlined, cost effective and sustainable waste and recycling services.Since RoadRunner’s creation in 2014, we’ve helped more than 12,000 customer locations achieve an average between 10 - 20% savings on their monthly waste bills while also improving their recycling efficiencies. We’re proud that RoadRunner’s industry-leading model has been recognized by the SEAL Business Sustainability Awards 2023, Pittsburgh Business Times’ Best Place to Work 2022, and Pittsburgh Inno’s 2022 Fire Awards.Our Glassdoor reviews are fantastic (3.7/5 on 256 reviews), our CEO’s approval rating is 86%, and 76% of our reviewers would recommend working here. Our Indeed ratings have consistently improved as we’ve been expanding our teams (3.5/5 on 71 reviews) and we now have over 13K followers on LinkedIn.Position Summary:Are you ready to embrace a dynamic career shift? RoadRunner, the new standard in waste + recycling, is seeking a proactive and adaptable Sales Development Representative (SDR) to join our team full-time. If you thrive in a challenging, fast-paced environment and possess the ability to communicate with forthrightness and sensitivity, we want you on board. As an SDR, you'll play a pivotal role in driving our sales pipelines conducting outbound prospecting activities, engaging with potential customers, and scheduling qualified meetings for our Account Executives. You will leverage various communication channels to introduce our services, understand customer needs, and articulate the value proposition, utilizing your reactive and tense energy to overcome obstacles. Our comprehensive 9-week training program ensures you have the skills and knowledge to succeed, with ongoing coaching that propels your career growth. Join us on a mission to redefine waste management and make a meaningful impact. Embrace change, be forthright, and let your dynamic spirit flourish at RoadRunner!Responsibilities: Qualifying and identifying leads at the initial stages of the funnel Demonstrating the value of our offering through phone calls, email and social tools Diligently updating Salesforce, our CRM, to stay current on leads and follow-ups Being an active participant in our sales coaching processWhat's In It For You: $19.24 / hour + $6k annual target commission (uncapped) One time performance bonus of $1,000 (based on successfully hitting 100% of quota, once you have completed the 9-week training program) Promotion plan in place based on performance with pay and commission increase 100% remote work RoadRunner pays 100% of the employee's medical, dental and vision premiums and 70% for their dependents 15 days paid time off 2 personal floating days Paid holidays 401K with a generous match and complimentary planning adviceAbout You: Bachelor's degree OR Associate's degree + 2 years sales experience OR high School diploma + 4 years sales experience (cold calling is preferred) You have an internal motivation and drive to succeed in a goal-driven position You are willing to learn in a fast-paced sales environment You possess the ability to embrace feedback and hold yourself accountable You are a constant learner and have a passion for sales You are a hard worker with a strong sense of urgency You have stellar communication skillsTop 4 frustrations of an SDR: No answer, getting hung up on, or sent to voicemail Hearing “no” dozens of times a day The prospect doesn’t show up to the meeting We determine that we can’t save the prospect money and/or help them recycle moreTraining:1st week: Participate in state of the art training that will enable you to qualify, source, and engage in the art of cold calling Learn to prospect and develop a pipeline of potential leads to drive your sales funnel Work directly with a full-time sales trainer who will help ensure that you are set-up for success Start making outbound calls to prospective new business accounts and set meetings to discuss our offerings5th week: Work with your Sales Trainer to develop strategy and sales cadences for your accounts Have weekly coaching sessions to identify areas of opportunity and set expectations Meet with your AE and other SDRs to grow and evolve as a team On-going training and development to continue to level up and learn more about our services and the industry9th week: Have a developed pipeline that you are actively working to generate consistent revenue Be capable of overcoming most objections and helping our prospects understand the value we can add to their businesses Become an integral part of your market’s success Be well on your way to initial promotions and bonusesYou will be successful if: You want to win and find motivation when facing temporary setbacks You enjoy being coached because you know no matter where you are in your career you always have room to improve You have a need to achieve, always finding ways to hit your goals and grow You know that learning is not a spectator sport You love connecting with people virtually You enjoy metrics/KPIs, and you are driven to meet them.We are excited to consider talented individuals from across the country. However, please note that we currently do not support candidates residing in the following states: Alaska (AK) / Delaware (DE) / Hawaii (HI) / Louisiana (LA) / Maine (ME) / Nebraska (NE) / Nevada (NV) / New Mexico (NM) / North Dakota (ND) / Rhode Island (RI) / South Dakota (SD) / Vermont (VT) / Wyoming (WY)We thank all candidates for their interest in RoadRunner, but we cannot respond to everyone personally. Only those selected for an interview will be contacted. We look forward to reviewing your application!RoadRunner is an affirmative action and equal opportunity employer and is committed to the full inclusion of all qualified individuals. All qualified applicants will receive consideration for employment without regard to race, color, religion, sex, disability, age, sexual orientation, gender identity, national origin, veteran status, or genetic information. It is the policy of RoadRunner that qualified individuals with disabilities are not discriminated against because of their disabilities regarding job application procedures, hiring, and other terms and conditions of employment. It is further the policy of RoadRunner to provide reasonable accommodations to qualified individuals with disabilities in all aspects of the employment process. RoadRunner is prepared to modify or adjust the job application process or the job or work environment to make reasonable accommodations to the known physical or mental limitations of the applicant or employee to enable the applicant or employee to be considered for the position he or she desires, to perform the essential functions of the position in question, or to enjoy equal benefits and privileges of employment as are enjoyed by other similarly situated employees without disabilities, unless the accommodation will impose an undue hardship.Job Type: Full-timePay: From $19.24 per hourExpected hours: 40 per weekBenefits: 401(k) 401(k) matching Dental insurance Flexible spending account Health insurance Health savings account Life insurance Paid time off Parental leave Vision insurance Work from homeSchedule: 8 hour shift Day shift Monday to Friday No nightsEducation: High school or equivalent (Preferred)Experience: Sales: 4 years (Preferred)Work Location: Remote",communication,Indeed公开数据,https://www.indeed.com/viewjob?jk=9445830c629bbc3b,7978
Sales,Remote Inside Sales Representative,Liberty Mutual,"Cheyenne, WY",Full-time,"Pay Philosophy The typical starting salary range for this role is determined by a number of factors including skills, experience, education, certifications and location. The full salary range for this role reflects the competitive labor market value for all employees in these positions across the national market and provides an opportunity to progress as employees grow and develop within the role. Some roles at Liberty Mutual have a corresponding compensation plan which may include commission and/or bonus earnings at rates that vary based on multiple factors set forth in the compensation plan for the role. Description Our Remote Inside Sales Agent position is offered in the state of Tennessee, Wisconsin, Minnesota, Oklahoma, Arkansas, Missouri, Wyoming and Kansas. Applicants must reside in Tennessee, Wisconsin, Minnesota, Oklahoma, Arkansas, Missouri, Wyoming and Kansas to be considered. Please note applicants on the state of Tennessee must reside on Central Time Zone. Why Liberty Mutual? Positivity. Flexibility. Determination and a persuasive personality. Qualities like these cannot be taught. But they can be sharpened, strengthened, and appropriately compensated when you join Liberty Mutual Insurance as a part of our Contact Center Sales Organization. Bring your unique sales talent to our Fortune 100 company and receive paid-training, licensing in all 50 states, and a dynamic role that directs only warm leads your way (no cold calls) – because we believe in supporting your success, not holding it back. Join our sales team and realize the rewards of a career with unlimited earning potential, generous commissions, and a portfolio of benefits that start on day one. Job Details As an Inside Sales Agent you will be handling inbound calls and warm leads, consulting with customers on their insurance needs and match the correct coverages, products, and benefits to convert sales leads into policyholders. You’d be a great fit if you are: A Passionate Seller: When a lead comes in, you skillfully pick up the phone and use your sales expertise to turn prospects into happy, confident Liberty Mutual policyholders. A Front Lines Liaison: You rise to the role of representing the Liberty brand, you believe in what you’re selling, and you enjoy connecting customers to the right products for their individual needs. A Reliable Teammate: Whether you work at the office or from home, you adapt well to different environments, schedules, and the varying needs of our policyholders. A Customer-Centric Closer: While sales is in your title, integrity is in your nature. That means you sincerely care that our customers get exactly the quality products and services they need to embrace today and confidently pursue tomorrow. Pay Details: Starting base salary is $45K with opportunity for growth. Average earnings range from $55K-$75K through a combination of base salary and generous commission. Top Performing Agents in their second year and onward, can earn up to $85k+. Position Details: From day one you will begin paid training in a remote work environment. All insurance representatives need to hold a Property & Casualty Insurance license. If you do not have one, no worries, paid training also includes licensing! Training extends over a period of 16 weeks for licensed hires and 18 weeks for unlicensed hires. Comprehensive medical benefits from Day 1. No cold calls, all incoming warm leads. Opportunities for rewards and recognition. Must be available to work a schedule of 4 weekdays and 1 weekend day with a mid-morning start time. Example 11am-8pm (CST). This schedule can be expected for a minimum of 12 months before consideration for another shift. All computer equipment is provided. You must be able to maintain department Work at home (W@H) requirements which include a professional workspace/room with a dedicated desk and wired (cable, fiber of DSL service) high-speed internet connection with a minimum 100 MBps download speed and 20 MBps upload speed. Liberty Mutual does not support satellite and mobile internet services. Qualifications 2-3 years sales experience preferred. 2 years of sales/service-related work experience required. Strong, engaging interpersonal and persuasion skills needed to close sales Ability to communicate well to both prospects and customers Excellent analytical, decision-making and organizational skills Strong typing capabilities and PC proficiency Property and Casualty License required after hire. About Us **This position may have in-office requirements depending on candidate location.** At Liberty Mutual, our purpose is to help people embrace today and confidently pursue tomorrow. That's why we provide an environment focused on openness, inclusion, trust and respect. Here, you'll discover our expansive range of roles, and a workplace where we aim to help turn your passion into a rewarding profession. Liberty Mutual has proudly been recognized as a ""Great Place to Work"" by Great Place to Work® US for the past several years. We were also selected as one of the ""100 Best Places to Work in IT"" on IDG's Insider Pro and Computerworld's 2020 list. For many years running, we have been named by Forbes as one of America's Best Employers for Women and one of America's Best Employers for New Graduates as well as one of America's Best Employers for Diversity. To learn more about our commitment to diversity and inclusion please visit: We value your hard work, integrity and commitment to make things better, and we put people first by offering you benefits that support your life and well-being. To learn more about our benefit offerings please visit: Liberty Mutual is an equal opportunity employer. We will not tolerate discrimination on the basis of race, color, national origin, sex, sexual orientation, gender identity, religion, age, disability, veteran's status, pregnancy, genetic information or on any basis prohibited by federal, state or local law. Fair Chance Notices California San Francisco Los Angeles Philadelphia",,Indeed公开数据,https://www.indeed.com/viewjob?jk=3679623117dd63f0,6011
Sales,Outside Sales Representative,Uline,"Hayward, CA 94540",Full-time,"Hayward, California Outside Sales Representative Pay from $80,000 to $110,000 per year Strong customer relationships built on trust - that’s the foundation of Uline’s sales culture! As an Outside Sales Representative, build out your territory supported by the best training, tools and product offering to win in the field every day! Uline continues to grow, creating new career opportunities and job stability you can count on. 
 Outside Sales Representatives can be based anywhere within your sales territory, with regular visits to your Uline Branch / Sales Office. 
 Why Sales at Uline? Success from the Start - You’ll get 4 weeks of training followed by a 12-week mentorship program along with weekly learning and strategy meetings with leadership. “CEO” of Your Territory - Manage accounts in all industries with opportunities to travel to new markets. Design Your Day - Spend assigned days in the office with your peers planning face-to-face customer visits. Structure your schedule with work-life balance in mind. Position Responsibilities Manage and grow existing accounts as well as bring in new business within your territory. Provide effective business solutions at annual, on-site customer consultations, including recommendations from our catalog of over 40,000 quality products. Deliver legendary customer service with the help of our sales support team. Minimum Requirements Bachelor’s degree. Previous sales experience preferred, but our thorough training will support you to win every day! Valid driver’s license and great driving record. Excellent communication, problem-solving and presentation skills. Benefits Complete insurance coverage that includes medical, dental, vision and more. 401(k) with 6% employer match. Paid holidays and generous paid time off. Bonus programs that include annual performance, profit sharing, sales goals, contests and top performer incentives. Tuition assistance program that covers professional continuing education. Monthly internet / cell phone allowance. Mileage reimbursement. As our company expands, you’ll have the chance to transition to new markets, and we’ll provide support for your move. About Uline Uline is North America's leading distributor of shipping, industrial and packaging materials. We're a family-owned company known for incredible service, quality products and same-day shipping of our huge in-stock inventory. With over 9,000 employees across 13 branch locations and 15 sales offices, it's time you joined Uline. 
 Uline is proud to operate as a drug-free workplace. 
 EEO/AA Employer/Vet/Disabled 
 #LI-MH1 
 #LI-HYBRID 
 (#IN-CASLS) 
 Our employees make the difference and we are committed to offering exceptional benefits and perks! Explore to learn more!",communication; leadership,Indeed公开数据,https://www.indeed.com/viewjob?jk=15615a1ddbb28f1c,2736
Sales,Inside Sales Representative (Hybrid Remote),Splunk,"Seattle, WA 98101",Full-time,"Title: Inside Sales Representative (Hybrid Remote) Splunk is here to build a safer and more resilient digital world. The world's leading enterprises use our unified security and observability platform to keep their digital systems secure and reliable. While customers love our technology, it's our people that make Splunk stand out as an amazing career destination and why we've won so many awards as a best place to work. If you become a Splunker, we want your whole, authentic self, what we call your ""million data points"". So bring your work experience, problem-solving skills and talent, of course, but also bring your joy, your passion and all the things that make you, you.
 What You Will Be Doing Build a Dazzling Customer Experience Through Account Intimacy to Accelerate Adoption Craft an account specific, all-inclusive engagement & communications strategy that proactively improves customer experience Dazzle customers! Be their trusted advisor for onboarding, license keys & support ticket management Create & Progress Quality Pipeline Conduct 30+ outbound calls a day to prospect & customer accounts to; identify, qualify & progress Opportunities and Meetings Like to be creative? Use ABM tactics to identify new contacts & craft a personalized campaign to build pipeline with a high conversion rate Manage, Close & Forecast Small Deals Progress stale deals Run & close small deals full cycle Act as another set of hands on larger deals if needed Must-have Qualifications 2+ Years of demonstrated ability in a customer engaging role i.e. Sales, Account Management or Customer Success Located near one of our fun locations & have the ability to commute to our Splunk office 1-3x per quarter. This role does not offer relocation assistance Nice-to-have Requirements We’ve taken special care to separate the must-have qualifications from the nice-to-haves. “Nice-to-have” means just that: Nice. To. Have.
 Knowledgeable of the customer buying process and experience deploying the core concepts of Land, Expand, Adopt, and Renew to drive revenue at previous organizations. Demonstrated adaptability to changing situations and priorities, thriving in an evolving and dynamic sales landscape. Curiosity and a passion for continuous learning, demonstrating a proactive approach to acquiring knowledge about products, industry, and customer needs. Coachable demeanor; willing to learn and implement new sales techniques. Splunk is an Equal Opportunity Employer At Splunk, we believe creating a culture of belonging isn’t just the right thing to do; it’s also the smart thing. We prioritize diversity, equity, inclusion, and belonging to ensure our employees are supported to bring their best, most authentic selves to work where they can thrive. Qualified applicants receive consideration for employment without regard to race, religion, color, national origin, ancestry, sex, gender, gender identity, gender expression, sexual orientation, marital status, age, physical or mental disability or medical condition, genetic information, veteran status, or any other consideration made unlawful by federal, state, or local laws. We consider qualified applicants with criminal histories, consistent with legal requirements.
 Note: OTE Pay Range For sales roles the ranges are expressed as On Target Earning or OTE (OTE = base + incentives in the form of sales incentive plans). SF Bay Area, Seattle Metro, and New York City Metro Area On Target Earnings: $51.92 - 71.39 per hour California (excludes SF Bay Area), Washington (excludes Seattle Metro), New York (excludes NYC Metro Area), and all other states. On Target Earnings: $46.54 - 63.99 per hour Splunk provides flexibility and choice in the working arrangement for most roles, including remote and/or in-office roles. We have a market-based pay structure which varies by location. Please note that the On Target Earnings (OTE) range is a guideline and for candidates who receive an offer, the OTE pay will vary based on factors such as work location as set out above, as well as the knowledge, skills and experience of the candidate. In addition to OTE, this role may be eligible for equity or long-term cash awards. Benefits are an important part of Splunk's Total Rewards package. This role is eligible for a competitive benefits package which includes medical, dental, vision, a 401(k) plan and match, paid time off and much more! Learn more about our comprehensive benefits and wellbeing offering at",,Indeed公开数据,https://www.indeed.com/viewjob?jk=54c588e0378ea5da,4462
Sales,Work From Home Reservation Sales Representative,Enterprise Mobility,"Jackson, MS 39201",Full-time,"Enterprise Mobility is looking to add full time work from home agents to our Support Services Reservations Sales team!
 If you… Are able to successfully follow a sales strategy to overcome customer objections and maximize revenue Communicate effectively with a wide range of callers Enjoy a sales-oriented culture, while working from the comfort of home Are able to ensure customer satisfaction through providing exceptional service to every customer Have a designated workspace at home that is quiet and distraction-free Are interested in growth and advancement opportunities … Then this may be the perfect opportunity you’ve been searching for! This remote position offers a compensation package of $ 17.25 / hour.
 We offer:
 Paid time off Consistent full time 40 hour per week schedule Employee discount Retirement savings plan including 401k with matching profit sharing Health Insurance Life Insurance Dental Insurance Vision Insurance Training and development Schedule: 
 Full time schedule- 40 hours per week Schedules start between 6:30am - 1:00pm Weekends and holidays may be required based on business needs Training:
 Two weeks of training Monday - Friday 9am-5:30pm CST Will require attendance for a network login day the Friday before the classroom training begins Paid virtual training Enterprise is a Veteran founded and Veteran friendly company that offers advancement opportunities after just one year with the company!
 Responsibilities: 
 Handle 80-100 incoming back to back calls daily to book quality reservations for our three brands worldwide Receive and apply feedback from managers to improve call quality Efficiently guide conversations and apply sales techniques to convert calls into reservations Provide excellent customer service Strive to meet and exceed monthly personal and department metrics Adhere to a set full time schedule Equal Opportunity Employer/Disability/Veterans #LI-REMOTE Qualifications: 
 Must be at least 18 years old Must currently reside in one of the following states:
 AL, AR, AZ, FL, GA, ID, IN, KS, KY, LA, MI, MN, MO, MS, NE, NV, NM, NC, ND, OH, OK, PA, SC, TN, TX, UT, VA, WV, WI, or WY Must have at least one year of sales experience Permanent residence with a defined working space that is free of distractions from any background noise including but not limited to sounds from animal/pets, TVs, radios, and children or other adults in the home
 Working from home is not designed or intended to be a replacement for appropriate adult or child dependent care Must be authorized to work in the United States and not require work authorization sponsorship by our company for this position now or in the future WFH Technical Qualifications for your home office: Must have a Windows PC (no Chromebooks or MACs) with Windows 10 OS Must have access to a cell phone to validate security information authentication Must have a computer USB headset with microphone Must have a webcam, both built-in and detached webcams are acceptable Must have reliable and consistent high-speed internet access provided by a cable or fiber provider (no DSL, satellite or wireless)
 Minimum upload speed of 3 mbps and minimum download speed of 25 mbps Use of wireless, hotspot or WiFi “air cards” are not allowed The address on your application must be your current, accurate permanent address Enterprise reserves the right to verify that your PC and internet meets or exceeds these requirements",,Indeed公开数据,https://www.indeed.com/viewjob?jk=a6ad56db4d5713df,3429
Database,Associate Buyer- Designer Shoes & Handbags,Saks,"New York, NY 10281",Full-time,"Salary Range $62,400 - $80,200* 
 Job Description: Who We Are: Saks is a world-renowned luxury ecommerce destination. The company’s unique approach combines a focus on the digital customer experience with a strong connection to a network of extraordinary stores that extends that seamless experience into the real world. 
 On its website and app, Saks offers an unparalleled selection of curated merchandise across fashion for women and men, beauty, jewelry, home décor and more. In addition to the shopping experience, customers come to Saks for inspiring editorial content, access to digital stylists, lifestyle experiences and other world-class services. The company is currently in the midst of a dramatic expansion, driven by significant enhancements to its platforms and offerings, with the goal of becoming the preeminent destination for luxury internationally. 
 Role Summary: The Associate Buyer is a motivated individual that will participate in vendor selections, and partnerships. They will assist with merchandise transfers, and ensure the resolution of data integrity. The Associate Buyer will assist in providing information for the monitoring of inventory productivity, and the analysis of vendor profitability while providing data and analysis for price changes, and assists in entering prices changes online. 
 Key Qualifications: Strong interpersonal skills who can gain ground without damaging relationships. Can be both direct but diplomatic and gain trust from others quickly. 
 You often go above and beyond your goals. You are a consistent performer with a proven track record in driving positive outcomes through objectives and measures within a large complex organization. 
 Generates a variety of approaches to problem solving quickly including new and novel ideas. 
 You also have: Strong knowledge of and ability to apply retail math concepts, including elements of markup, margin planning, open to buy, and inventory productivity measures (WOS, T/O, GMROI). 
 Excellent computer skills including MS Word and Excel. 
 1 - 3 years' experience as an Assistant Buyer, preferably in a major department store. 
 Role Description: Core Merchandising Responsibilities: Assists in vendor selection and in developing and maintaining strong vendor partnerships 
 Identifies opportunities on weekly reports 
 Pulls and reviews reporting on a weekly and ad hoc basis 
 Manages in reviewing and executing markdowns and RTVs 
 Manages a segment of the business under the guidance of Buyer 
 Analyzes in season business to identify business opportunities to execute on strategy 
 Partners with the digital lifecycle team to ensure products are accurately added to the site 
 Responsible for market prep and lead key markets 
 Ensures the dissemination of product knowledge to selling associates 
 Monitors industry trends and evaluates competition 
 Can attend market independently 
 Lead market prep and attend key markets meetings 
 Has experienced ownership of a category and/or area of the business 
 Establishes assortment strategy to achieve financial goals of the brand 
 Own the development process and maintenance of the PO checkbook 
 Provides data and analysis for price changes and to influence the pricing strategy 
 Financial Planning and Markdowns: Participates in the review of departmental topside financial plans 
 Owns and communicates business opportunities and liabilities during OTB 
 Manages negotiations with internal and external partners 
 Executes the markdown projection process and provides information for internal projection and vendor negotiation 
 People Partnerships and Development: Builds and maintains relationships with vendors 
 Partners with digital lifecycle team to ensure products are accurately added to the site 
 Work cross functionally with marketing by reviewing assortment strategy, assisting in product pitches for marketing materials 
 Your Life and Career at Saks: Exposure to rewarding career advancement opportunities 
 A culture that promotes a healthy, fulfilling work/life balance 
 Benefits package for all eligible full-time employees (including medical, vision and dental). 
 An amazing employee discount 
 Thank you for your interest in Saks. We look forward to reviewing your application. 
 Saks provides equal employment opportunities (EEO) to all employees and applicants for employment without regard to race, color, religion, sex, national origin, age, disability or genetics. In addition to federal law requirements, Saks complies with applicable state and local laws governing nondiscrimination in employment in every location in which the company has facilities. This policy applies to all terms and conditions of employment, including recruiting, hiring, placement, promotion, termination, layoff, recall, transfer, leaves of absence, compensation and training. 
 Saks welcomes all applicants for this position. Should you be individually selected to participate in an assessment or selection process, accommodations are available upon request in relation to the materials or processes to be used. 
 Saks.com is an equal opportunity employer. We celebrate diversity and are committed to creating an inclusive environment for all employees. 
 
 
 The above expected salary range may have some variability based upon factors including, but not limited to, a candidate’s overall experience, qualifications, and geographic location. If you are interested in the role, we encourage you to apply and, if selected to move forward in the interview process, you will have a chance to speak with our recruitment team regarding your specific salary expectations.",problem solving,Indeed公开数据,https://www.indeed.com/viewjob?jk=3c45849d4d39c481,5635
Database,Lead Database Administrator (Hybrid),General Dynamics Information Technology,Remote,Full-time,"Type of Requisition:
 Regular
 Clearance Level Must Currently Possess:
 None
 Clearance Level Must Be Able to Obtain:
 None
 Suitability:
 Public Trust/Other Required:
 Job Family:
 Database Analysis/Design
 Job Qualifications:
 Skills:
 Leadership, Oracle E-Business Suite, Oracle Federal Financials
 Certifications:
 Experience:
 10 + years of related experience
 US Citizenship Required:
 No
 Job Description:
 We are seeking a Database & Middleware Lead for our Healthcare Integrated General Ledger Accounting System (HIGLAS) project with the Centers for Medicare & Medicaid Services (CMS) program.
 As the Lead DBA, HOM (Hosting, Operations, Maintenance), you will have the opportunity to collaborate with leadership in developing the roadmap for technology advancement and innovation.
 HIGLAS is a very large, complex system with approximately 3,000 total users, processing an average of 4.5 million transactional claim records per day which equates to over 1.2 billion annually. Utilizing Oracle Federal Financials as the base application of HIGLAS provides CMS with a uniform financial management system to account for over $1 Trillion in outlays for healthcare each year across multiple lines of business.
 HOW YOU WILL MAKE AN IMPACT:
 Responsible for smooth operations and maximum availability of databases and middleware for all applications and tools Leads efforts to define database strategy, architecture, standards and procedures to preserve the integrity and security of HIGLAS, CBS and HBI data resources Supports Oracle ERP, Hyperion and OBIEE application development and operations by leading in the creation of standards and procedures related to database management systems Collaborates with application and hosting to lead efforts to maintain and improve database and application performance Designs and implements Oracle Maximum Availability Standards RAC solutions Creates and Manages Annual Instance Clone Schedule Creates and Manages Oracle Patching Schedules for n-1 patching Responsible for all databases security and availability Leads and Manages Oracle Software upgrades Plans and manages capacity of database management systems WHAT YOU'LL NEED TO SUCCEED:
 BS/BA in Information Technology or related technical discipline and 10+ years’ experience within Oracle applications environment (installation, configuration, upgrade, patching), preferably in R12.2.x environment.
 5+ years of experience with Oracle eBusiness Suite
 Experience with Oracle EBS Financials (preferably to include OBIEE and SOA), Oracle IDM/SSO, GRC installations, configuration, patching and production support
 Experience in designing, developing, and testing updates and new enhancements within RDBMS and Oracle DB Concepts.
 Capacity planning and High Availability (HA) configuration with DR setup and configuration experience.
 Managerial experience in highly complex, high-volume, very large databases for Oracle Federal Financial environment with a significant number of direct staff (10+)
 Experience maintaining maximum availability, Oracle Middleware, Oracle Applications Technology Stack, Database backups, Disaster Recovery, Clones, Patches, Performance Management and Daily operations and development for Oracle ERP, Hyperion, OBIEE etc. and managing/control of substantial IT production operations with responsibility for ensuring established service levels were met
 Skill in analyzing complex problems and developing solutions
 DESIRED QUALIFICATIONS:
 Knowledge of earned value management, budgeting, providing estimates.
 Experience in archive and purge solution for EBS R12.2
 Experience in Informatica archive solution.
 Knowledge and expertise on change migration tools.
 Knowledge and expertise on automation (Shell, Perl scripting).
 LOCATION:
 Remote with onsite work in Windsor Mill, MD one day each week. Candidates in the DC area strongly preferred.
 CLEARANCE:
 Ability to obtain a Public Trust: candidate must have lived in the United States at least three (3) out of the last five (5) years and pass a public trust background investigation.
 WHAT GDIT CAN OFFER YOU:
 401K with company match
 Comprehensive health and wellness packages
 Internal mobility team dedicated to helping you own your career
 Professional growth opportunities including paid education and certifications
 Cutting-edge technology you can learn from
 Rest and recharge with paid vacation and holidays
 #GDITFedHealthJobs
 #GDITPriority
 The likely salary range for this position is $140,899 - $184,000. This is not, however, a guarantee of compensation or salary. Rather, salary will be set based on experience, geographic location and possibly contractual requirements and could fall outside of this range.
 Scheduled Weekly Hours:
 40
 Travel Required:
 None
 Telecommuting Options:
 Remote
 Work Location:
 Any Location / Remote
 Additional Work Locations:
 Total Rewards at GDIT:
 Our benefits package for all US-based employees includes a variety of medical plan options, some with Health Savings Accounts, dental plan options, a vision plan, and a 401(k) plan offering the ability to contribute both pre and post-tax dollars up to the IRS annual limits and receive a company match. To encourage work/life balance, GDIT offers employees full flex work weeks where possible and a variety of paid time off plans, including vacation, sick and personal time, holidays, paid parental, military, bereavement and jury duty leave. GDIT typically provides new employees with 15 days of paid leave per calendar year to be used for vacations, personal business, and illness and an additional 10 paid holidays per year. Paid leave and paid holidays are prorated based on the employee’s date of hire. The GDIT Paid Family Leave program provides a total of up to 160 hours of paid leave in a rolling 12 month period for eligible employees. To ensure our employees are able to protect their income, other offerings such as short and long-term disability benefits, life, accidental death and dismemberment, personal accident, critical illness and business travel and accident insurance are provided or available. We regularly review our Total Rewards package to ensure our offerings are competitive and reflect what our employees have told us they value most.
 We are GDIT. A global technology and professional services company that delivers consulting, technology and mission services to every major agency across the U.S. government, defense and intelligence community. Our 30,000 experts extract the power of technology to create immediate value and deliver solutions at the edge of innovation. We operate across 30 countries worldwide, offering leading capabilities in digital modernization, AI/ML, Cloud, Cyber and application development. Together with our clients, we strive to create a safer, smarter world by harnessing the power of deep expertise and advanced technology.
 We connect people with the most impactful client missions, creating an unparalleled work experience that allows them to see their impact every day. We create opportunities for our people to lead and learn simultaneously. From securing our nation’s most sensitive systems, to enabling digital transformation and cloud adoption, our people are the ones who make change real.
 GDIT is an Equal Opportunity/Affirmative Action employer. All qualified applicants will receive consideration for employment without regard to race, color, religion, sex, sexual orientation, gender identity, national origin, disability, or veteran status, or any other protected class.",oracle; database; shell; leadership,Indeed公开数据,https://www.indeed.com/viewjob?jk=a4ea6ef6227add4b,7540
Database,Senior Designer - Premium Handbags,Centric Brands,"350 5th Avenue, New York, NY 10118",Full-time,"About Us:
 Centric Brands is a leading lifestyle brand collective that designs, sources, markets and sells high quality products in multiple segments, including women’s, men’s and kid’s apparel, accessories, entertainment and beauty. Centric Brands is focused on our customers and our brands that will drive the company’s future growth. We are defined by innovation as we seize new opportunities and thrive in an environment informed by creativity and thinking that is both analytical and outside the box. Centric Brands reflects a team built on respect, for others and for the hard work it takes to achieve our goals and build our bright future together.
 Designer What could be more exciting than putting your mark on some of the world’s most famous and well-loved fashion brands? As a designer for Centric Brands, you’ll use your skills and creativity to create designs based on style plans, sales needs and emerging trends. You will also ensure that your work can be transformed into a finished product in a timely manner and at an appropriate price point. This means working not only with our technical design and production teams, but also building collaborative relationships with outside vendors and other external stakeholders. The challenges are exciting and the possibilities endless – as you contribute your skills in a vibrant, customer- and people-centric culture that celebrates you as a valuable member of the team.
 Specific Responsibilities Would Include: 
 Our accessories and handbag business continues to grow at a fast pace! We are looking for a senior handbag designer who can drive our business with exciting new brands and licenses like Vince, Kurt Geiger, Zac Posen, Juicy Couture and others.
 Must have a talent for spotting trends and must have an elevated sense of style and taste level. Must thrive in a collaborative team environment to accomplish goals.
 ROLES & RESPONSIBILITIES Strategy & Innovation Research and identify trend directions; perform and review competitive analysis; oversee and review fabrics, design concepts, presentation boards for meetings, mock-ups, color-ups, inspirational photos Execute development of initial seasonal design category. Ensure timely execution of product development calendar Operations & Results Create Illustrator sketches; approve specification sheets and line sheets; ensure accuracy of product development logs, line sheets, boards and design archives library; ensure maintenance of designs in Product Lifecycle Management (PLM) system or shared drives Select and review raw materials and trims; ensure maintenance of fabric/trim library Approve lab dips and ensure consistency with color standards and licensor directives, where appropriate; collaboratively devise and approve prints and graphics where appropriate; oversee fit process Customers & Relationships Manage follow-up with internal and external customers and partners, including production and tech; manage interoffice communication and relationships with vendors and internal customers Leadership & Teams Contribute positively to team dynamic and manage up where necessary Attract, develop and retain talent Monitor and evaluate performance of individuals Our Best Fit Candidate Would Have: 
 Superior organizational skills and excellent communication skills; team oriented Ability to multi-task and meet deadlines; highly detail oriented, meticulous and creative Creativity, technical capability and sensibility for merchandising; strong ability to sketch Deep experience with leathers, trims and hardware Bachelor’s Degree in Fashion Design. 5 - 8 years experience in handbag and accessories design Highly proficient in Microsoft Office, Adobe products, CAD and Mac computers In return, we provide an industry-competitive salary, along with a comprehensive benefits plan (medical, dental, vision) that includes a matching 401(k), Summer Fridays, generous PTO, merchandise discounts, excellent career development opportunities, and a work environment that reflects our industry leadership. Our social impact program, Centric Cares, focuses on volunteerism to make a difference in communities we live and work in and our D&I committee is shaping the future of diversity, equity and inclusion at Centric Brands though workshops, resources and inspiring conversation.
 Salary Range: $92,000-$140,000
 At Centric Brands, we believe our people are our greatest asset, and we seek to structure competitive compensation offers to ensure that we are able to attract and retain the best talent. Our job postings include an annual base salary range at the time of employment. The stated base salary range represents our good faith estimate as to what candidates are likely to expect, and we tailor our offers within the range based on several factors, including the selected candidate's educational and professional experience, industry knowledge, location, technical and communication skills, and other factors that may prove relevant during the selection process. Base salary is a part of a total compensation package, which, depending on the position, may also include commission earnings, annual bonus and other Centric Brands sponsored benefit programs.
 Be part of our growing community by getting involved with groups, teams and initiatives like Be Green, Be Giving, and Be Celebrated. Centric Brands is an Equal Opportunity Employer Please note that Centric Brands will only reach out to interview, make an offer of employment or conduct onboarding activities for candidates who have applied through our careers site. When interviewing for a position, the candidate experience will include live interaction, such as a video conference or telephone call, with a Recruiter and/or company employee(s). We will never ask for any money or payments from applicants at any point in the recruitment process. Be aware of suspicious recruitment activity. If you think you are a victim of an employment scam, you may contact your local law enforcement agency and/or visit the Federal Trade Commission website here: 
 #LI-JE1
 #LI-Hybrid",illustrator; sketch; communication; leadership,Indeed公开数据,https://www.indeed.com/viewjob?jk=26984106ff322955,6065
Database,"Senior, Designer - Handbags",Macy’s,"New York, NY 10001",Full-time,"Bring Your Amazing Self to Work 
 At Macy's, Inc. we're on a mission to create a brighter future with bold representation for all. This is our Mission Every One. We know that each person here is unique. So we respect and invest in each individual to create growth, pride, and satisfaction. If we are able to bring our whole selves to work, it translates into a more abundant and wider array of ideas and energy for all to benefit from. Our success will be built on amazing colleagues, working together. 
 
 Job Overview 
 The Senior Designer is a highly skilled designer and category expert who demonstrates strong leadership abilities. 
 
 What You Will Do 
 
 Collaborate with the Director of Design to conduct trend and category research, including analysis of the retail market relevant to the area of responsibility. 
 Partner with the Director of Design to establish the brand's seasonal fashion direction, ensuring consistent aesthetic integrity. 
 Research and interpret seasonal trends, fashion direction, and cultural influences, sourcing inspiration from various outlets such as runways, museums, and tradeshows. 
 Develop and execute a strategic vision that prioritizes customer needs while meeting sales and profit objectives, leveraging technical expertise to identify opportunities and develop assortments. 
 Take ownership of product design from concept to production, leading the design team in the development and execution of product designs. 
 Collaborate with the Director/Senior Director on fabric and material selection, understanding the rationale behind decisions. 
 Interpret specific color palettes, patterns, and prints for the season, selecting and approving styles, materials, trims, and colors. 
 Ensure designs align with overall product strategy and adhere to SKU plans and assortment strategies set by merchants. 
 Partner closely with the Materials team to create seasonal palettes and support fabric optimization. 
 Work with the Product Development team to ensure designs meet cost guidelines and collaborate with Strategic Sourcing for vendor allocation. 
 Lead fit sessions with Tech Design and Product Development teams throughout the season, ensuring clear communication and alignment on fit standards. 
 Create cohesive product presentations, including boards, tear sheets, and samples, to effectively communicate design concepts to merchants. 
 React to current product selling performance based on customer feedback and sales results, incorporating learnings into future designs. 
 Adhere to seasonal timelines and action calendars for the area of responsibility, ensuring timely execution of design tasks. 
 Demonstrate comfort and effectiveness in leading through complexity, combining visionary thinking with a focus on speed. 
 Maintain an industry presence to foster connections, explore new business opportunities, and represent the Macy’s brand. 
 Cultivate relationships with technical designers, merchants, and sourcing divisions to exchange ideas and streamline processes. 
 Serve as the primary contact with the Vendor Community (Overseas/Domestic) and communicate regularly with overseas offices to share line development direction. 
 Collaborate closely with Omni partners to gather input and align online development direction, influencing decision-making. 
 Anticipate potential obstacles and actively seek solutions while providing context and rationale for decision-making. 
 Practice open and clear communication, keeping stakeholders informed and making decisions confidently and succinctly. 
 Foster a collaborative environment, building trust and relationships across all levels of the organization to influence decision-making. 
 Develop engaged and high-performing teams, coaching and motivating design staff while identifying and nurturing talent. 
 Embrace risk-taking and encourage innovation, regardless of the outcome, while tracking and coaching team development and talent. 
 Proactively identify opportunities for process improvement and implement solutions, mentoring others outside direct reports to foster their growth. 
 Demonstrate resilience, tenacity, and high energy, bouncing back rapidly from adversity. 
 
 Skills You Will Need 
 Design Expertise: Possess advanced design skills and expertise within the designated category, demonstrating proficiency in conceptualizing and executing product designs. 
 Leadership Abilities: Exhibit strong leadership skills, including the ability to collaborate effectively with the Director of Design, lead design teams, and influence decision-making processes. Develop and motivate design teams, fostering engagement, and high performance while identifying and nurturing talent for future growth. 
 Trend Analysis: Ability to conduct thorough trend and category research, analyze retail market trends, and interpret seasonal fashion directions. 
 Creative Vision: Demonstrate a creative vision that aligns with the brand's seasonal fashion direction, ensuring consistent aesthetic integrity. 
 Strategic Thinking: Develop and execute strategic visions that prioritize customer needs while achieving sales and profit objectives, leveraging technical expertise to identify opportunities and develop assortments. 
 Color and Print Sense: Possess a strong sense of color and print, with the ability to interpret specific color palettes, patterns, and prints for each season. 
 Technical Skills: Proficiency in design software such as Illustrator, Photoshop, and PLM, as well as Microsoft Office and Excel for communication and organization. 
 Communication Skills: Excellent written and verbal communication skills to effectively convey design concepts, collaborate with cross-functional teams, and maintain clear and open communication channels. 
 Adaptability and Resilience: Demonstrate adaptability and resilience in navigating complexity, bouncing back rapidly from adversity, and proactively identifying opportunities for process improvement. 
 
 Who You Are 
 
 Dedicated to fulfilling ideals of diversity, inclusion, and respect that Macy’s aspires to achieve every day in every way. 
 Candidates with a bachelor’s degree or equivalent work experience in a related field are encouraged to apply. 5-7 years of industry experience. 
 Regularly required to sit, talk, hear; use hands/fingers to touch, handle, and feel. Occasionally required to move about the workplace and reach with hands and arms. Requires close vision. 
 Able to work a flexible schedule based on department and company needs. 
 
 What We Can Offer You 
 
 An inclusive, challenging, and refreshingly fun work environment 
 Competitive pay and benefits rooted in principles of equity 
 Performance incentives and annual merit review 
 Merchandise discounts 
 Health and Wellness Benefits across medical, dental, vision, and additional insurance 
 Retirement Savings Plan with 401k match opportunity 
 Employee Assistance Program (mental health counseling and legal/financial advice) 
 Resources for continuous learning, career growth, and leadership development 
 8 paid holidays 
 Paid Time Off (first year prorated depending on start date) 
 Tuition reimbursement program 
 Guild education benefit funds 100% of tuition, books, and fees in designated programs 
 Colleague Resource Groups (CRGs) and give-back/volunteer opportunities 
 Empowerment and autonomy to perform impactful work with tangible results 
 
 About Macy’s 
 Now is an exciting time for a Macy's career as we continue to focus on creating exciting and memorable experiences for every Macy's customer, whether their journey starts online or in the store. Our opportunities in Sales, Merchandise, Operations, Customer Service, Warehouse, Marketing, and other areas let you express your creativity and commitment to excellence, grow your career and make a difference to your Macy's colleagues and customers. 
 
 Bring your creativity, energy, and ideas to the Macy's team – Apply Today! 
 
 MERCH00 This position may be eligible for performance-based incentives/bonuses. Benefits include 401k, medical/vision/dental/life/disability insurance options, PTO accruals, Holidays, and more. Eligibility requirements may apply based on location, job level, classification, and length of employment. Additional benefit details are available at macysJOBS.com.",classification; react; photoshop; illustrator; communication; leadership,Indeed公开数据,https://www.indeed.com/viewjob?jk=8454adbbc345daa5,8311
Advocate,Labor & Employment Litigation Attorney (Remote Contract Position),Latitude,"San Francisco, CA","Permanent, Part-time, Full-time, Contract","Latitude is looking for an attorney with at least five years of labor and employment litigation experience who is eager to work at an AmLaw 100 law firm located in San Francisco. This is a completely remote opportunity. The successful candidate should enjoy working as part of a dynamic team and have significant experience handling written discovery, motion work, depositions and court hearings. The law firm is open to candidates interested in engagement work and/or a permanent position. The successful candidate must be licensed in California. Experience handling PAGA and/or individual wage and hour claims is a plus, but is not required. 
 Minimum Qualifications of the Labor & Employment Litigation Attorney: 
 5+ years of labor and employment litigation experience Excellent communication skills Capability and experience to work independently and as part of a team Licensed in California Excellent academic credentials Outstanding references 
 Position Details of the Labor & Employment Litigation Attorney: 
 Type of role: Engagement Schedule: Full-time or Part-Time Location: Remote (but must be California licensed) 
 Compensation The annualized compensation for this position ranges from $175,000 to $200,000 or more. Pay is based on numerous factors including but not limited to work experience, qualifications, credentials and location. In addition to salary, Latitude Engaged Professionals are W2 employees of Latitude and are eligible for full benefits when working in roles for 20 hours per week, including a Qualified 401k plan. Benefits-eligible Latitude employees receive complimentary Group Life, LTD and AD&D and professional liability insurance. Latitude Attorneys also receive a CLE and Professional Expense stipend. Confidentiality Latitude will not disclose your identity or propose you to prospective clients without your prior consent. Candidates selected for further consideration will be contacted. Only qualified applicants should apply. About Latitude Latitude is a full-service national legal services company that specializes in providing high-end, flexible contract engagements and permanent positions to outstanding attorneys, paralegals, compliance officers and legal operations professionals. We work closely with our candidates to understand their career goals and match them with the substantive engagements they want with our clients, who range from Fortune 500 corporations to small companies and Global 50 law firms to boutiques. With offices coast-to-coast, we employ legal professionals across the country. Latitude’s client service leaders and recruiters are all former practicing attorneys and understand the demands faced by those we serve. Latitude Engagements Great attorneys and other legal professionals who are seeking contract engagements or consulting roles choose to work with Latitude because of our competitive compensation and benefits, sophisticated and engaging work, a chance to work with great clients and peers, and a refreshing blend of freedom with self-designed boundaries. Our own experience as practicing attorneys and our client relationships enable us to effectively tailor our candidate proposals to the specific practice strengths and interpersonal attributes that matter most to our clients and to match our candidates with the opportunities that will be most fulfilling to them. Latitude engaged professionals have the level of skill, experience, and judgment as would be expected of a permanent member of our client’s corporate legal department or law firm and the versatility to step into challenging environments and hit the ground running. If you have the right skills, personality and experience, Latitude helps you do what you are good at in a more rewarding way. Latitude engaged professionals serve on a full- or part-time engagement basis, and work remotely or on-site at the client office. While we are able to work only with a select few of the most outstanding candidates, our customized approach results in a high success rate for those candidates we recommend. For more information about Latitude, please visit us at Latitude is an Equal Opportunity Employer LATSF",communication,Indeed公开数据,https://www.indeed.com/viewjob?jk=cd31eca1f20f2c70,4154
Advocate,Litigation Attorney (Contract and Remote),Latitude,"Las Vegas, NV","Part-time, Full-time, Contract","Are you a Nevada licensed attorney with at least four years of civil litigation experience? Would you enjoy doing contract work for a law firm on your own schedule (either part-time or full-time)? Do you like working remotely (anywhere in the United States)? Do you have experience with commercial/business litigation, labor and employment law, personal injury law, premises liability matters, environmental/toxic tort litigation, real estate law, or mass tort litigation? Have you assisted with or handled written discovery, motion work, depositions, hearings, or trial preparation in civil litigation cases? If so, this contract litigation position may be the perfect fit for you. 
 Minimum Qualifications of the Litigation Attorney (Contract and Remote): 
 4+ years of legal experience in litigation Excellent communication skills Capability and experience to work independently and with a team Licensed in Nevada Excellent academic credentials Outstanding references 
 Position Details of the Litigation Attorney (Contract and Remote): 
 Type of role: Engagement Schedule: Full-time or Part-time Location: Remote (anywhere in United States but must be Nevada licensed) 
 Compensation The annualized compensation for this position ranges from $160,000 to $200,000 or more. Pay is based on numerous factors including but not limited to work experience, qualifications, credentials and location. In addition to salary, Latitude Engaged Professionals are W2 employees of Latitude and are eligible for full benefits when working in roles for 20 hours per week, including a Qualified 401k plan. Benefits-eligible Latitude employees receive complimentary Group Life, LTD and AD&D and professional liability insurance. Latitude Attorneys also receive a CLE and Professional Expense stipend. Confidentiality Latitude will not disclose your identity or propose you to prospective clients without your prior consent. Candidates selected for further consideration will be contacted. Only qualified applicants should apply. About Latitude Latitude is a full-service national legal services company that specializes in providing high-end, flexible contract engagements and permanent positions to outstanding attorneys, paralegals, compliance officers and legal operations professionals. We work closely with our candidates to understand their career goals and match them with the substantive engagements they want with our clients, who range from Fortune 500 corporations to small companies and Global 50 law firms to boutiques. With offices coast-to-coast, we employ legal professionals across the country. Latitude’s client service leaders and recruiters are all former practicing attorneys and understand the demands faced by those we serve. Latitude Engagements Great attorneys and other legal professionals who are seeking contract engagements or consulting roles choose to work with Latitude because of our competitive compensation and benefits, sophisticated and engaging work, a chance to work with great clients and peers, and a refreshing blend of freedom with self-designed boundaries. Our own experience as practicing attorneys and our client relationships enable us to effectively tailor our candidate proposals to the specific practice strengths and interpersonal attributes that matter most to our clients and to match our candidates with the opportunities that will be most fulfilling to them. Latitude engaged professionals have the level of skill, experience, and judgment as would be expected of a permanent member of our client’s corporate legal department or law firm and the versatility to step into challenging environments and hit the ground running. If you have the right skills, personality and experience, Latitude helps you do what you are good at in a more rewarding way. Latitude engaged professionals serve on a full- or part-time engagement basis, and work remotely or on-site at the client office. While we are able to work only with a select few of the most outstanding candidates, our customized approach results in a high success rate for those candidates we recommend. For more information about Latitude, please visit us at Latitude is an Equal Opportunity Employer LATSF",communication,Indeed公开数据,https://www.indeed.com/viewjob?jk=cfd103be948144fa,4199
Advocate,Litigation Attorney with Securities Law Experience,Latitude,"San Francisco, CA 94111","Part-time, Full-time, Contract","Are you a California licensed attorney with at least five years of securities law experience? Would you enjoy doing contract work for an Am Law 100 firm on your own schedule (either part-time or full-time)? Do you like working remotely (anywhere in the United States)? Do you have extensive experience handling written discovery, motion work, depositions, hearings, or trial preparation remotely in civil litigation cases? If so, this contract litigation position may be the perfect fit for you. 
 Minimum Qualifications of the Litigation Attorney with Securities Law Experience (Contract and Remote): 
 5+ years of legal experience handling securities law matters in litigation Excellent communication skills Capability and experience to work independently and with a team Licensed in CA Excellent academic credentials Outstanding references 
 Position Details of the Litigation Attorney (Contract and Remote): 
 Type of role: Engagement Schedule: Full-time or Part-time Location: Remote (anywhere in United States but must be CA licensed) 
 Compensation The annualized compensation for this position ranges from $175,000 to $200,000 or more. Pay is based on numerous factors including but not limited to work experience, qualifications, credentials and location. In addition to salary, Latitude Engaged Professionals are W2 employees of Latitude and are eligible for full benefits when working in roles for 20 hours per week, including a Qualified 401k plan. Benefits-eligible Latitude employees receive complimentary Group Life, LTD and AD&D and professional liability insurance. Latitude Attorneys also receive a CLE and Professional Expense stipend. Confidentiality Latitude will not disclose your identity or propose you to prospective clients without your prior consent. Candidates selected for further consideration will be contacted. Only qualified applicants should apply. About Latitude Latitude is a full-service national legal services company that specializes in providing high-end, flexible contract engagements and permanent positions to outstanding attorneys, paralegals, compliance officers and legal operations professionals. We work closely with our candidates to understand their career goals and match them with the substantive engagements they want with our clients, who range from Fortune 500 corporations to small companies and Global 50 law firms to boutiques. With offices coast-to-coast, we employ legal professionals across the country. Latitude’s client service leaders and recruiters are all former practicing attorneys and understand the demands faced by those we serve. Latitude Engagements Great attorneys and other legal professionals who are seeking contract engagements or consulting roles choose to work with Latitude because of our competitive compensation and benefits, sophisticated and engaging work, a chance to work with great clients and peers, and a refreshing blend of freedom with self-designed boundaries. Our own experience as practicing attorneys and our client relationships enable us to effectively tailor our candidate proposals to the specific practice strengths and interpersonal attributes that matter most to our clients and to match our candidates with the opportunities that will be most fulfilling to them. Latitude engaged professionals have the level of skill, experience, and judgment as would be expected of a permanent member of our client’s corporate legal department or law firm and the versatility to step into challenging environments and hit the ground running. If you have the right skills, personality and experience, Latitude helps you do what you are good at in a more rewarding way. Latitude engaged professionals serve on a full- or part-time engagement basis, and work remotely or on-site at the client office. While we are able to work only with a select few of the most outstanding candidates, our customized approach results in a high success rate for those candidates we recommend. For more information about Latitude, please visit us at Latitude is an Equal Opportunity Employer",communication,Indeed公开数据,https://www.indeed.com/viewjob?jk=15b7749a26284bd7,4061
Advocate,Trial Attorney,Jacoby and Meyers,"Los Angeles, CA 90079",Full-time,"Description 
 Position at Jacoby & Meyers
 
 Do you want to LOVE where you work, make an impact in your community, and receive hands on training alongside some of the best attorneys in the field?
 
 Jacoby & Meyers is the pre-eminent law firm protecting consumers since 1972. We are currently seeking a smart and capable Trial Attorney to join our growing team. At Jacoby & Meyers, every single employee gets to make an impact. Our values guide the way we work with each other. It's a culture where you have the freedom to experiment and push your talents as far as they can go.
 
 Job Title: Trial Attorney
 Salary Range: $100K- 200K Plus Bonus
 Type of Position: Full Time
 
 Location: Fully Remote (Must be able to attend in person hearings, depositions and trial preparation)
 
 Job Description: Core duties and responsibilities include the following. Other duties may be assigned.
 
 Draft pleadings (complaints, motions, oppositions) Draft and review discovery, meet and confer letters, and discovery motions Argue motion and opposition hearings remotely and in Court Take and defend percipient and expert depositions Prepare pre-trial documents and trial materials Active participation in trial Strategically litigate cases by obtaining key evidence to work up case file Draft mediation briefs and attend mediation, active participation in negotiating settlements Regular client communication Assist in management of litigation assistants and paralegals Attend regular trainings for professional development Requirements: 
 Candidate has a JD and is admitted to the California bar Strong written and oral advocacy skills Highly motivated to learn and grow Very well organized Resourceful and persistent Civil litigation or personal injury experience is a plus What We Offer: 
 
 Medical, Dental, Vision, and Pet Insurance Flexible Time Off (unlimited paid vacation) Remote positions Flexible Hours 401(k) with Company Match J&M attorneys receive 1x1 Leadership Coaching Continued education, including a Trial Academy facilitated by one of the most accomplished trial attorneys in the field Company-paid Life Insurance and AD&D Coverage, Voluntary Life Insurance Short-term and Long-term Disability Employee Assistance and Travel Assistance Programs Paid Holidays Health FSA and Dependent Care FSA Hospital and Accident Insurance Commuter Transportation Incentive Fully-paid parking Leadership Development Programs 
 
 About J&M: 
 Jacoby & Meyers was founded in 1972 with the intention of making the legal system more accessible to the average person. Now, more than 50 years later, we continue to help people get the justice and compensation they deserve. Specializing in all types of accident claims, including automobile, motorcycle, bicycle, Uber/Lyft, or trucking accidents, slip and falls, dog bites, construction accidents and other wrongful conduct, the attorneys at Jacoby & Meyers have recovered over a billion dollars for their clients' personal injury and wrongful death claims caused by the negligence of a third party.
 
 REQUIRED: Resume, References, Law school transcript
 
 Jacoby & Meyers is an Equal Opportunity Employer.",communication; leadership,Indeed公开数据,https://www.indeed.com/viewjob?jk=7d9f340f6ee028b9,3147
Advocate,Conflicts Attorney - Fully Remote,Latitude,"Nashville, TN","Full-time, Contract","Latitude is seeking an attorney with at least 2 years of experience to assist a sophisticated law firm with critical risk management functions as a Conflicts Attorney. The ideal candidate will have excellent analytical, research, and computer skills. In this role, you will utilize search databases and other legal and corporate resources to conduct research, analyze the results to identify potential conflicts, and compose reports detailing conflicts of interest. Candidate should have strong attention to detail, good time management skills, and great relationship skills, as this position involves working directly with legal assistants, paralegals, and attorneys on a daily basis to gather information. Requirements for the Conflicts Attorney 
 2+ years of experience running conflicts checks with InTapp or a comparable conflicts check system Highly professional, poised, versatile and willing to enthusiastically assist however needed Ability to be discrete, have outstanding attention to detail, and be highly responsive Outstanding references J.D. from an accredited law school Licensed to practice law 
 Position Details of the Conflicts Attorney 
 Type of role: Engagement (with permanent potential) Schedule: Full-time Location: Fully Remote Compensation: 
 Pay: The annualized pay for this position ranges from $90,000 to $110,000 or more when calculated on a full-time basis. Pay for contract engagements is based on multiple factors including but not limited to work experience, qualifications, credentials, location, market supply/demand, and the candidate’s preference (each candidate’s pay rate affects the client bill rate which can affect the candidate’s competitiveness for the position). 
 Benefits: In addition to pay, all Latitude Attorneys and other legal professionals working on contract engagements receive complimentary professional liability insurance coverage. All Latitude employees (including those on contract engagements) are also eligible for full benefits when working 20+ hours per week, including group medical, dental, and vision insurance, and complimentary group life, LTD and AD&D insurance. A qualified 401k plan is also available. Benefits-eligible Latitude Attorneys also receive a CLE and Professional Expense stipend. Confidentiality Latitude will not propose you to prospective clients without your prior consent. Candidates selected for further consideration will be contacted.
 
 About Latitude Latitude is a full-service flexible legal talent company serving corporate legal departments and law firms nationwide. From Fortune Global 100 companies to start-ups and Global 50 law firms to boutiques, clients turn to us for top-tier attorneys and other legal professionals.
 
 Latitude specializes in providing highly skilled former in-house counsel and Big Law attorneys for flexible contract engagements and permanent positions in dozens of practice areas, including commercial contracting, data privacy, M&A, employment, litigation, and more.
 
 Founded in 2013, Latitude has been recognized by Chambers as a leading global flexible legal staffing company and the #1 Legal Recruiter by The National Law Journal.
 
 Latitude Contract Engagements & Secondments Outstanding attorneys and other legal professionals who are seeking contract assignments or consulting/secondment roles choose to work with Latitude because of our competitive compensation and benefits, sophisticated and engaging work, a chance to work with great clients and peers, and a refreshing blend of freedom with self-designed boundaries. Our own experience as practicing attorneys and our client relationships enable us to effectively tailor our candidate proposals to the specific practice strengths and interpersonal attributes that matter most to our clients and to match our candidates with the opportunities that will be most fulfilling to them.
 
 Our Specialty: Peer-Level Contract Attorneys. Latitude Attorneys have the level of skill, experience, and judgment as would be expected of a permanent member of our client’s corporate legal department or law firm and the versatility to step into challenging environments and hit the ground running. Latitude Attorneys serve on a full- or part-time contract basis, and work remotely or on-site at the client office.
 
 FAQ: 
 Q: What other legal jobs do you have? A: If you’re interested in working with Latitude but do not think this particular legal job is the right one for you, we encourage you to explore our other open opportunities or fill out a General Application by visiting us at 
 
 Q: Should I apply for this specific position if I have previously applied for another Latitude position? A: Yes, it is better to apply to each Latitude job for which you are qualified and interested so that we immediately know of your interest in that specific role. This also enables you to share additional information about your qualifications or interest specific to each role. If you do not meet all of the qualifications for a position but think you would still be highly effective in the role, it can be helpful to include a brief explanation in your application.
 
 Q: How can I reduce the risk of missing Latitude’s email inviting me to interview for this position? A: Please safe-list Latitude’s URL domain name (latitudelegal.com) in your spam filter so that an email from one of our recruiters does not get caught in your spam folder. Our recruiters will never contact you by email from a URL other than latitudelegal.com
 
 Q: My current legal team needs help. How can I see some Latitude candidates for my legal team? A: The fastest way is to submit the very short form on our website contact page. A member of our client services team will be back in touch with you very fast to learn more about your need so we can provide you with on point candidates to consider.
 
 For more information about Latitude, please visit us at 
 Follow Latitude on LinkedIn See More Latitude Jobs See Complimentary Latitude Resources Find a Great Attorney or Other Legal Professional for your Legal Team 
 Thank you for your interest in Latitude! Latitude is an Equal Opportunity Employer. LATHP #LI-AM2 6024",,Indeed公开数据,https://www.indeed.com/viewjob?jk=a5c5c6d037183ebc,6173
Operations Manager,Operations and Service Analyst,Rockefeller Capital Management,"45 Rockefeller Plaza, New York, NY 10111",Full-time,"About Rockefeller Capital Management: 
 Rockefeller Capital Management was established in 2018 as a leading independent financial advisory services firm. Originally founded in 1882 as the family office of John D. Rockefeller, the Firm has evolved to offer strategic advice to ultra- and high-net-worth individuals and families, institutions, and corporations from offices in 30 markets throughout the United States, as well as an office in London. The Firm oversees $133 billion in client assets as of March 31, 2024.
 Position: 
 Rockefeller Capital Management’s New York City Office within the Rockefeller Global Family Office is looking for an Operations and Service Analyst to support the team. The Operations and Service Analyst will support the Divisional Operations Director in serving as points of contact for Private Advisor teams joining the Rockefeller Capital Management platform. This individual will liaise with various departments, including Compliance, Operations, Technology, Products and Marketing. The ideal candidate is one that is thorough in their work, operates with a high attention to detail, has strong communication, organization, time management and problem-solving skills, and is driven to develop and grow in their role.
 Responsibilities: 
 Assist the Divisional Operations Director in projects and initiatives they are involved in within the business and across the organization Assist with ad-hoc projects relating to transition of Advisor’s book, client engagement and marketing Support the Divisional Director and the team on various Private Advisor recruiting efforts Develop and contribute to best practices for the Business Assist the team in the day-to-day operations as it relates to the on-boarding and continued support of Financial Advisors and their client accounts including but not limited to:
 Account opening and maintenance Transferring assets and money movement Completing investment subscription documents Cash management & RMDs Assisting with client online access Responding to account activity and statement inquiries Managing life events Administrative work as needed Provide top quality service to clients and complete administration of client accounts Handle operational aspects of client accounts including reporting on account holdings and investment performance, posting daily cash activity, and entering trade instructions Generate expense reports for submission using Concur Process new accounts and account maintenance, by obtaining all necessary approvals and ensuring all client documentation is returned, completed and approved Process all client cashiering requests (money market redemptions, wires, checks, journals, check deposits, etc.) Support marketing efforts by promoting client seminars and events Offer administrative and office management support to the team Prepare client correspondence, obtain necessary management approvals, and transmit Review daily activity and reconcile current client activity, funds transfers and previous day’s activity and trades against various clearing firm systems to ensure accuracy Oversee client insurance and annuities processes Assist in preparation of key documents, PowerPoint presentations and reports for client meetings Attend client meetings as necessary and present client performance Complete necessary filing and maintain client files Attend compliance and continuing education training sessions as required by regulatory agencies and the firm Qualifications: 
 BA/BS degree Prior client service experience within financial industry, or equivalent experience, preferred Series 7 & 66 preferred, and if not, willing to obtain Skills: 
 Basic understanding of investments and/or portfolio reporting and related terminology Highly proficient in Microsoft Office with emphasis on Excel; ability to use Excel to organize, analyze, present and report on client information; Word, Access and PowerPoint a plus Ability to work well independently and as a part of a team Ability to multi-task and be able to reassess priorities as situations arise Detail-oriented and attention to accuracy and meeting deadlines Excellent interpersonal skills Ability to exercise discretion with confidential matters Strong communication skills, both written and verbal Ability to express ideas clearly and concisely Compensation Range: 
 The anticipated base salary range for this role is $65,000 to $75,000. Base salary for the role will depend on several factors, including a candidate’s qualifications, skills, competencies, and experience, and may fall outside of the range shown. In addition, this role may be eligible for a discretionary bonus. Rockefeller Capital Management offers a comprehensive benefit package including health coverage, vacation time, paid leave, retirement plan, and more. Visit careers.rockco.com to learn more about additional opportunities and benefits offerings. 
 Disclosure: 
 Rockefeller & Co. LLC, Rockefeller Financial LLC, Rockefeller Trust Company, N.A., The Rockefeller Trust Company (Delaware), Rockefeller Financial Services, Inc. and all other subsidiaries of Rockefeller Capital Management L.P. (individually and collectively, “Rockefeller”) is an equal opportunity employer and does not discriminate on the basis of race, religion, sex, gender, sexual orientation, gender identity or expression, national origin, citizenship, age, military or veteran status, marital or partnership status, caregiver status, legally recognized disability, or any other basis protected by applicable federal, state or local law (“protected characteristics”).
 Rockefeller Capital Management participates in the E-Verify program in certain locations, as required by law.",communication,Indeed公开数据,https://www.indeed.com/viewjob?jk=e73a4fdc6c3b087f,5693
Operations Manager,Coordinator - Prior Authorization Operations,CVS Health,"Austin, TX",Full-time,"Bring your heart to CVS Health. Every one of us at CVS Health shares a single, clear purpose: Bringing our heart to every moment of your health. This purpose guides our commitment to deliver enhanced human-centric health care for a rapidly changing world. Anchored in our brand — with heart at its center — our purpose sends a personal message that how we deliver our services is just as important as what we deliver. Our Heart At Work Behaviors™ support this purpose. We want everyone who works at CVS Health to feel empowered by the role they play in transforming our culture and accelerating our ability to innovate and deliver solutions to make health care more personal, convenient and affordable. Position Summary- Cdr I Prior Auth & Appeals will be responsible for performing non-clinical activities and functions in accordance with policies and procedures, under the supervision of the Clinical Supervisor. Responsible for reviewing and maintaining compliance with ERISA, CMS, Medicaid, and client specific requirements. Works as part of the team to meet business unit objectives. Education - HS Diploma or GED required. Experience- Preferred: Minimum of 6 months to a 1 year experience in Data Entry. Preferred: 1-year healthcare industry related experience (hospital, managed care, physician office, PBM etc) Knowledge/skills/ abilities-Proficient in Windows applications (Word and Excel). Problem solving skills, analytical ability. Strong written communication and interpersonal skills. Minimum 25-30 WPM. Detail oriented with excellent organizational skills. Preferred knowledge of prescription drug products, dosage forms and usage. Medical / pharmacy terminology background. Pay Range The typical pay range for this role is: $17.00 - $28.46
 This pay range represents the base hourly rate or base annual full-time salary for all positions in the job grade within which this position falls. The actual base salary offer will depend on a variety of factors including experience, education, geography and other relevant factors. This position is eligible for a CVS Health bonus, commission or short-term incentive program in addition to the base pay range listed above. In addition to your compensation, enjoy the rewards of an organization that puts our heart into caring for our colleagues and our communities. The Company offers a full range of medical, dental, and vision benefits. Eligible employees may enroll in the Company’s 401(k) retirement savings plan, and an Employee Stock Purchase Plan is also available for eligible employees. The Company provides a fully-paid term life insurance plan to eligible employees, and short-term and long term disability benefits. CVS Health also offers numerous well-being programs, education assistance, free development courses, a CVS store discount, and discount programs with participating partners. As for time off, Company employees enjoy Paid Time Off (“PTO”) or vacation pay, as well as paid holidays throughout the calendar year. Number of paid holidays, sick time and other time off are provided consistent with relevant state law and Company policies. For more detailed information on available benefits, please visit jobs.CVSHealth.com/benefits We anticipate the application window for this opening will close on: 08/14/2024
 Qualified applicants with arrest or conviction records will be considered for employment in accordance with all federal, state and local laws.",communication; problem solving,Indeed公开数据,https://www.indeed.com/viewjob?jk=34125ef876888bf1,3437
Operations Manager,Operations Performance Analyst - Remote,Conifer Physician Services,"Frisco, TX",Full-time,"JOB SUMMARY Develops and maintains Revenue Cycle/Financial Analysis and creates performance presentations to use when reviewing performance with Client. Responsible for assessing operational objectives and performance metrics in all areas of revenue cycle and executing upon actions identified during analysis. Additionally, the ops performance analyst will be responsible for understanding both the client needs and how the organization delivers. 
 ESSENTIAL DUTIES AND RESPONSIBILITIES 
 Include the following. Others may be assigned. 
 
 Gather, interpret, and translate customer needs and translate business problems into requirements that facilitate application development Analyze and assess data and product performance to identify issues and ensure appropriate prioritization and compliance with service level agreements 
 Build reporting solutions and develop/enhance existing scorecards, dashboards and other key reports that arto be utilized by management to monitor performance and communicate performance to the client. 
 Develop and maintain standards to measure the effectiveness of all aspects of the revenue cycle, including statistical data for monthly reports (denial reports, late charge reports, etc.). 
 Integrate and analyze data from multiple data sources, determine root cause; summarize and prepare monthly materials for discussions with client and finance teams. Audit and analyze data to verify quality and data integrity. Provide feedback regarding issues and/or anomalies found during analysis to ensure proper communication both internally and externally. 
 Serve as resource for special projects and priority assignments as needs are identified during the analysis process. 
 Prioritize and manage multiple tasks to meet deadlines KNOWLEDGE, SKILLS, ABILITIES 
 To perform this job successfully, an individual must be able to perform each essential duty satisfactorily. The requirements listed below are representative of the knowledge, skill and/or ability required. Reasonable accommodations may be made to enable individuals with disabilities to perform the essential functions. 
 
 Ability to work independently with little supervision and seek guidance as needed to clarify assignments or request for information. Excellent communication, customer service and time-management skills 
 Possess basic business skills, an understanding of general financial operations and major AR goals in the healthcare environment. 
 Proficient with various desktop applications such as Microsoft Excel, Word, PowerPoint and/or Access. 
 Intermediate knowledge of relational database management systems Must be a team player - Always willing to help in whatever way possible and go the extra mile to get the job done. 
 Intuitive and skilled at problem solving in anticipation of customer request Have the ability to make logical correlations between data points to determine if analysis is accurate 
 Detail oriented, meticulous and accurate in completing tasks on time. 
 
 Conifer requires its candidates, as applicable and as permitted by law, to obtain and provide confirmation of all required vaccinations and screenings prior to the start of employment. This may include, but is not limited to, the COVID-19 vaccination, influenza vaccination, and/or any future required vaccines and screenings. EDUCATION / EXPERIENCE 
 Include minimum education, technical training, and/or experience preferred to perform the job. 
 
 Bachelor’s Degree, preferably in Business or Health Care, or equivalent experience 
 3-6 years experience in physician revenue cycle management 
 
 PHYSICAL DEMANDS The physical demands described here are representative of those that must be met by an employee to successfully perform the essential functions of this job. Reasonable accommodations may be made to enable individuals with disabilities to perform the essential functions. Must be able to work in sitting position and use computer. 
 
 WORK ENVIRONMENT The work environment characteristics described here are representative of those an employee encounters while performing the essential functions of this job. Reasonable accommodations may be made to enable individuals with disabilities to perform the essential functions. Office Work Environment 
 
 As a part of the Tenet and Catholic Health Initiatives family, Conifer Health brings 30 years of healthcare industry expertise to clients in more than 135 local regions nationwide. We help our clients strengthen their financial and clinical performance, serve their communities and succeed at the business of healthcare. Conifer Health helps organizations transition from volume to value-based care, enhance the consumer and patient healthcare experience and improve quality, cost and access to healthcare. Are you ready to be part of our solutions? Welcome to the company that gives you the resources and incentives to redefine healthcare services, with a competitive benefits package and leadership to take your career to the next step! 
 Compensation and Benefit Information 
 Compensation 
 
 Pay: $46,925.00-$70,408.00 annually. Compensation depends on location, qualifications, and experience. Management level positions may be eligible for sign-on and relocation bonuses. 
 
 Benefits 
 Conifer offers the following benefits, subject to employment status: 
 
 Medical, dental, vision, disability, life, and business travel insurance 
 Paid time off (vacation & sick leave) – min of 12 days per year, accrued accrue at a rate of approximately 1.84 hours per 40 hours worked. 
 401k with up to 6% employer match 
 10 paid holidays per year 
 Health savings accounts, healthcare & dependent flexible spending accounts 
 Employee Assistance program, Employee discount program 
 Voluntary benefits include pet insurance, legal insurance, accident and critical illness insurance, long term care, elder & childcare, AD&D, auto & home insurance. 
 For Colorado employees, Conifer offers paid leave in accordance with Colorado’s Healthy Families and Workplaces Act. 
 2403022805
 Employment practices will not be influenced or affected by an applicant’s or employee’s race, color, religion, sex (including pregnancy), national origin, age, disability, genetic information, sexual orientation, gender identity or expression, veteran status or any other legally protected status. Tenet will make reasonable accommodations for qualified individuals with disabilities unless doing so would result in an undue hardship.",database; communication; leadership; problem solving,Indeed公开数据,https://www.indeed.com/viewjob?jk=e5079d09c370acc5,6474
Operations Manager,"Premium Catering Operations Manager, Remote",Delaware North,"New York, NY 10023",Full-time,"The Opportunity Delaware North's Patina Restaurant Group is searching for a Premium Food and Beverage Manager to join to join Patina Restaurant Group’s PGA of America team. As a Premium Catering Operations Manager, Remote, you will oversee the operations of Food and Beverage during PGA Championship on event days providing memorable experience for our guests.
 The ideal candidate will have off premise catering experience with operations experience and expertise in running large scale special events (2,000+ people) . In addition, they will need to partner with the client on daily requests, problems solving and fixing any issues that arises. This is a remote position with significant travel monthly. Candidate ideally located in New York, Southern California, Boston or Orlando.
 Minimum – Anticipated Maximum Base Salary: $55300 - $74600 / year In addition to base salary, we offer an annual bonus plan based on company and individual performance, or a role-based, uncapped sales incentive plan. The advertised pay range represents what we believe at the time of this job posting, that we would be willing to pay for this position. Only in special circumstances, where a candidate has education, training, or experience that far exceeds the requirements for the position, would we consider paying higher than the stated range. Information on our comprehensive benefits package can be found at Benefits At Delaware North, we care about our team members' personal and professional journeys. These are just some of the benefits we offer:
 Medical, dental, and vision insurance 401(k) with up to 4% company match Annual performance bonus based on level, as well as individual, company, and location performance Paid vacation days and holidays Paid parental bonding leave Tuition and/or professional certification reimbursement Generous friends-and-family discounts at many of our hotels and resorts Responsibilities Manage and train food and beverage team members in premium areas including suites, chalets and clubs Manage costs including labor excellence in experience and cost effectiveness Schedule, coordinate, and supervise the premium food and beverage team members and operation from set up through event and strike Partner with front and back of house management to ensure event day operations are effective and a success for guests and team members Handle guest relations and monitor adherence to quality assurance standards Ensure compliance with federal, state, local, and company regulations regarding service of alcohol, OSHA, payroll, and employment guidelines Qualifications Minimum of three years' hospitality management experience required, preferably in a high-volume setting Valid Drivers License Strong managerial and leading ability Experience with inventory, cost control, and purchasing required Financial management accountability and budgeting experience required Ability to analyze data and make decisions independently Ability to work evenings, weekends, and holidays Servsafe preferred but not mandatory, No degree required but preferred Who We Are Patina Restaurant Group is a leader in the premium segment of the restaurant and catering industry, operating restaurants and managing catering and food service operations at high-profile venues including, Lincoln Center, Walt Disney World®, Disneyland®, the Empire State Building, Grand Central Station, and The Metropolitan Opera. Patina Restaurant Group was recently named one of America's Top 25 restaurant groups by Nation's Restaurant News.
 At Delaware North, you’ll love where you work, who you work with, and how your day unfolds. Whether it’s in sporting venues, casinos, airports, national parks, iconic hotels, or premier restaurants, there’s no telling where your career can ultimately take you. We empower you to do great work in a company with 100 years of success, stability and growth. If you have drive and enjoy the thrill of making things happen - share our vision and grow with us. Delaware North Companies, Incorporated and its subsidiaries consider applicants for all positions without regard to race, color, religion, creed, gender, national origin, age, disability, marital or veteran status, sexual orientation, or any other legally protected status. Delaware North is an equal opportunity employer.",quality assurance,Indeed公开数据,https://www.indeed.com/viewjob?jk=5a81f5d6713b7199,4306
Operations Manager,"Senior Coordinator, Regulatory Submissions Operations",Cardinal Health,United States,Full-time,"What Regulatory Submissions Operations contributes to Cardinal Health Regulatory Submissions Operations uses specialized technology and knowledge to format, edit and compile paper and electronic documents related to the pharmaceutical industry regulatory submissions throughout each phase of drug development and though the drug product life cycle. This position provides application submission and renewal services for state licensing activities, prepares specialized electronic files for drug registrations, drug listings and self-identification, and oversees and maintains document management databases for version and revision control. Location – Remote (nationwide) Responsibilities Assess and negotiate timelines Manage client documents used in submissions Process client documents within publishing software Identify concerns and communicate with upstream and downstream partners Qualifications Experience working with Microsoft Office (Word, etc) necessary for success in this role Experience using Adobe (formatting, editing) a must have Targeting individuals with a high level of attention to detail Targeting individuals with strong communication skills (email, verbal), who take pride in producing high quality work, and aren’t afraid to ask questions Ideally targeting 2+ years of professional experience (background in publishing, editing, or regulatory a plus but not required) What is expected of you and others at this level Effectively applies knowledge of job and company policies and procedures to complete a variety of assignments Applies advanced skills to resolve complex problems independently May modify process to resolve situations Works independently within established procedures; may receive general guidance on new assignments May provide general guidance or technical assistance to less experienced team members #LI-LP #LI-remote Anticipated Pay Range $25.20 per hour – $33.10 per hour Bonus Eligible - No Benefits: Cardinal Health offers a wide variety of benefits and programs to support health and well-being. Medical, dental and vision coverage Paid time off plan Health savings account (HSA) 401k savings plan Access to wages before pay day with myFlexPay Flexible spending accounts (FSAs) Short- and long-term disability coverage Work-Life resources Paid parental leave Healthy lifestyle programs Application window anticipated to close: 08/24/2024 * if interested in opportunity, please submit application as soon as possible. Candidates who are back-to-work, people with disabilities, without a college degree, and Veterans are encouraged to apply. 
 Cardinal Health supports an inclusive workplace that values diversity of thought, experience and background. We celebrate the power of our differences to create better solutions for our customers by ensuring employees can be their authentic selves each day. Cardinal Health is an Equal Opportunity/Affirmative Action employer. All qualified applicants will receive consideration for employment without regard to race, religion, color, national origin, ancestry, age, physical or mental disability, sex, sexual orientation, gender identity/expression, pregnancy, veteran status, marital status, creed, status with regard to public assistance, genetic status or any other status protected by federal, state or local law.",communication,Indeed公开数据,https://www.indeed.com/viewjob?jk=2bf7866c69f77533,3309
Arts,"Senior Art Director - Jewelry, Beauty, Accessories",Bloomingdale’s,"Long Island City, NY 11101",Full-time,"About: Bloomingdale’s makes fashion personal and fun, aspirational yet approachable. Our mission is to guide and inspire our customers to make style a source of creative energy in their lives. We will always strive to make Bloomingdale’s like no other store in the world. Everyone plays a critical role to bring our mission to life. Regardless of position, we believe all colleagues have a voice and access to share their thoughts with every level of leadership. Our colleagues are passionate, driven, entrepreneurial and collaborative. We welcome and embrace diversity of background, thought and opinion while having a lot of fun along the way. 
 
 Job Overview: The Senior Art Director (Omni-Channel) is a key driver for managing and delivering effective, on-brand, and on-strategy Creative for bloomingdales.com and omni-channel seasonal creative focusing on, Fine Jewelry, Beauty, Designer Accessories and Gifting. This position is ideal for a print and digital expert, as this role will be managing multiple projects while closely collaborating with cross-functional partners for both digital and print platforms. The ideal candidate must be highly creative and resourceful, have expert design and typography skills, with strong prioritization and problem-solving skills.
 
 
 Essential Functions: 
 Omni channel Photo Art direction and Design for Fine Jewelry, Beauty, Designer Accessories and Gifting categories 
 Manage project workflow: Concept thoughtful on brief ideas, develop compelling and on brand layout and design, oversee and participate in the production and deliver creative on time for all assigned projects 
 Confident and comfortable presenting thought process and project approach to necessary stakeholders 
 Develop and maintain brand style guide using templates and best practices 
 Partner and collaborate with internal and external teams to understand business objectives and create compelling solution- based creative that drives the brand strategy 
 Ability to understand and balance creative ideas with business needs 
 Research trends and innovation in the competitive landscape and continue to drive and enhance the visual look, tone and feel of all of the work 
 
 Qualifications and Competencies: We encourage candidates with either a bachelor’s degree or equivalent work experience in a related field to apply 5+ years direct experience 
 Experience creating concepts/art direction/design for Fine Jewelry, Beauty, Fashion Accessories and Gifting creative 
 Practices open and continuous communication, values keeping others informed, effectively presenting information in a clear, concise manner 
 Collaborative work ethic 
 Experienced multi-tasker with the ability to work a flexible schedule based on department and Company needs 
 Excellent leadership, facilitation, and interpersonal skills, with the ability to work across functional lines and at many levels 
 Ability to think creatively, strategically, and technically 
 Expert design skills 
 Video and Packaging experience is a plus 
 Advanced Adobe Creative Suite program skills with expertise in Photoshop, InDesign, Illustrator, XD. Knowledge of Premiere, AfterEffects, UX and UI nice to have 
 Extensive working knowledge of current trends and language of high-end fashion world 
 Physical Requirements: 
 Requires prolonged periods of sitting, with occasional standing 
 Occasionally requires walking, bending, reaching, hearing and talking 
 Continuous use of computers and other office equipment 
 Frequently lift/move up to 10 lbs. 
 
 This position may be eligible for performance-based incentives/bonuses. Benefits include 401k, medical/vision/dental/life/disability insurance options, PTO accruals, Holidays, and more. Eligibility requirements may apply based on location, job level, classification, and length of employment. Additional benefit details are available at bloomingdalesJOBS.com.",classification; photoshop; illustrator; indesign; communication; leadership,Indeed公开数据,https://www.indeed.com/viewjob?jk=bd9892794f758ef7,3900
Arts,JUNIOR GRAPHIC DESIGNER,Cella,Remote,Contract,"Location: Remote Job Type: Contract Compensation Range: $30 - 33 per hour 
 We are seeking a talented Junior Graphic Designer with hands-on experience in MarQ/Lucid Press to join our university client's team. In this role, you will play a crucial part in managing and enhancing our template library, ensuring that it aligns with the university’s branding standards. You will also be responsible for redesigning templates as needed, ensuring a consistent and visually appealing output across all university materials. 
 Responsibilities: 
 
 Administer and maintain the MarQ/Lucid Press template library, ensuring templates are up-to-date and organized. 
 Redesign existing templates to improve visual appeal and functionality, while adhering to university branding guidelines. 
 Collaborate with various departments to understand their design needs and translate them into effective templates. 
 Create designs in Adobe InDesign and efficiently transfer them into MarQ/Lucid Press as needed. 
 Design directly within MarQ/Lucid Press for quick turnaround projects. 
 Ensure all design work maintains high standards of accuracy, quality, and creativity. 
 
 Qualifications: 
 
 Experience level: Experienced 
 Minimum 4 years of experience 
 Proven experience working with MarQ/Lucid Press, particularly in an administrative or template management capacity. 
 Previous design experience within a university setting is highly desirable. 
 Strong proficiency in Adobe InDesign with the ability to seamlessly transfer designs to MarQ/Lucid Press. 
 Solid understanding of graphic design principles, layout, typography, and color theory. 
 Ability to manage multiple projects simultaneously while meeting deadlines. 
 Excellent attention to detail and organizational skills. 
 Strong communication skills and the ability to work collaboratively in a team environment. JOBID: 1061317 #LI-CELLA #LI-MM8 #LI-REMOTE Equal Opportunity Employer: Race, Color, Religion, Sex, Sexual Orientation, Gender Identity, National Origin, Age, Genetic Information, Disability, Protected Veteran Status, or any other legally protected group status. At Cella, a randstad digital company, we welcome people of all abilities and want to ensure that our hiring and interview process meets the needs of all applicants. If you require a reasonable accommodation to make your application or interview experience a great one, please contact HRsupport@randstadusa.com. Pay offered to a successful candidate will be based on several factors including the candidate's education, work experience, work location, specific job duties, certifications, etc. In addition, Cella by randstad digital offers a comprehensive benefits package, including health, an incentive and recognition program, and 401K contribution (all benefits are based on eligibility). This posting is open for thirty (30) days.",indesign; communication,Indeed公开数据,https://www.indeed.com/viewjob?jk=17e8018be1ecfbcd,2860
Arts,Graphic Designer,KIPP Foundation,Remote,Full-time,"Full-time
 Start Date: Immediate opening
 Department: KIPP Foundation (national roles)
 Company Description KIPP Public Schools is a national network of public charter schools that prepares students with the skills and confidence to create the future they want for themselves, their communities, and us all. We are a network of 280 schools, nearly 15,000 educators, and 175,000 students and alumni. Our mission: Together with families and communities, we create joyful, academically excellent schools that prepare students with the skills and confidence to pursue the paths they choose—college, career, and beyond—so they can lead fulfilling lives and build a more just world. Our vision: Every child grows up free to create the future they want for themselves and their communities. The KIPP Foundation is a nonprofit organization that supports KIPP schools across the country. The KIPP Foundation trains and develops outstanding educators to lead KIPP public schools; provides tools, resources and training for excellent teaching and learning; promotes innovation; and facilitates the exchange of insights and ideas across KIPP and other public schools and organizations. Job Description About The Position The Manager of Creative Marketing will manage the creative process and delivery of high-quality traditional and digital collateral and campaigns for KIPP Foundation to support in maintaining brand consistency, increase credibility, and improve effectiveness of our teacher and student recruitment and retention campaigns. Responsibilities Collaborate with all KIPP Foundation teams to design and produce exceptional digital and print marketing collateral, including ad suites, social graphics, one- and two-sheets, presentations, email templates, and white papers/reports.
 Design materials and support installation of branded experiences for key network events throughout the year; materials range from print and online invitations, attendee activation, social campaigns, event signage, and digital programs.
 Drive internal creative workflow including a creative brief and background process, managing stakeholders, building project plans, reporting on and measuring progress, and overseeing execution of final deliveries.
 Provide advertising campaign creative support and thought partnership to regional stakeholders with the aim of increasing brand alignment and campaign performance.
 Maintain a set of national brand standards and digital asset management platforms
 Stay current on visual brand trends within education and broader social impact spaces
 Skills Mission & Student Focus: Demonstrated commitment to education equity; a passion for KIPP’s mission; desire and ability to uphold KIPP’s values (Focus on Excellent Results, Courageous Action, and Resilient Solutions Focus)
 Achievement Orientation: Ensure clarity in goals and accountabilities while working with agility and creativity to drive toward deadlines and outcomes-focused metrics
 Cultural Competence & Commitment to Equity: A proactive cultural leader and team player who thrives on collaboration and learning; can effectively collaborate with teammates across lines of difference.
 Creativity & Design: Ability to generate original ideas and concepts; strong sense of visual style and aesthetic judgment–with a focus on typography and photo pairing; ability to create visually appealing and functional designs
 Planning & Execution: Detail oriented, execution focused, and an ability to see the big picture while managing projects
 Stakeholder Management: a team player who is able to influence others to get their work done; Demonstrated successful experiences managing a project and/or managing stakeholders
 Qualifications Experience and Qualifications Degree or formal certification in Graphic Design preferred. We will consider any candidates who have a strong portfolio of relevant work.
 Minimum 5 years relevant experience in print/digital design and brand management
 A passion for KIPP’s mission and values
 Fluency in Photoshop, Illustrator, InDesign; working knowledge of Premiere Pro, After Affects, and Audition. Presentation work is done in PowerPoint.
 Exceptional ability to see projects through all phases of implementation including concept generation, design development and materials execution, while maintaining timelines and staying on budget
 Ability to partner with teammates, build relationships, and establish new processes to ensure collaboration delivers best possible end products
 Strong written and verbal communication skills
 Ability to function autonomously as well as in a cooperative, diverse group
 Experience in managing photoshoots
 Additional Information Work Conditions Travel requirements: 15%
 Full time, Exempt role
 Location It is preferred, but not mandatory for this role to be based out of a KIPP Foundation office. This role also has the option of working from a remote office full-time. KIPP Foundation offices are in NYC and Chicago. Compensation and Benefits In compliance with local law, we are disclosing the compensation, or a range thereof, for roles in locations where legally required. Actual salaries will vary based on several factors, including but not limited to external market data, internal equity, and relevant experience. The salary range for this position is $80,000-$95,500. In addition, KIPP Foundation provides a variety of benefits to employees, including: 26 holidays for + 18 days additional flexible PTO days (flexible PTO increases to 23 days for years 3 and 4 and to 28 days for years 5+).
 100% paid parental leave
 100% coverage of the premium for employee and 75% for employee + family’s medical/dental/vision plans.
 Wellness benefits such as fitness reimbursements, discounted tickets to theme parks/attractions, backup care support for children and adults/elders, and our employee assistance program
 Finance Security benefits include such as a 401K retirement plan with 4% match, employer-sponsored legal plans, life/disability insurance, and flexible spending accounts
 KIPP Foundation embraces the opportunity to build a workforce that reflects the diversity of the students and communities with whom we work and the world that around them. Being an equal opportunity employer means that we take seriously our responsibility to consider qualified candidates on the basis of merit, without regard to race, color, religion, national origin, gender, sexual orientation, gender identity or expression, age, mental or physical disability, and genetic information, marital status, citizenship status, military status, protected veteran status or any other category protected by law.",stakeholder; photoshop; illustrator; indesign; communication,Indeed公开数据,https://www.indeed.com/viewjob?jk=b5fb0e3ba742991d,6652
Business Analyst,"Technical Analyst (Clinical Business Analyst Lvl 1), Clinical Information Systems",NYC Health + Hospitals,"New York, NY",Full-time,"About NYC Health + Hospitals 
 
 Empower Every New Yorker — Without Exception — to Live the Healthiest Life Possible NYC Health + Hospitals is the largest public health care system in the United States. We provide essential outpatient, inpatient and home-based services to more than one million New Yorkers every year across the city’s five boroughs. Our large health system consists of ambulatory centers, acute care centers, post-acute care/long-term care, rehabilitation programs, Home Care, and Correctional Health Services. Our diverse workforce is uniquely focused on empowering New Yorkers, without exception, to live the healthiest life possible. At NYC Health + Hospitals, our mission is to deliver high quality care health services, without exception. Every employee takes a person-centered approach that exemplifies the ICARE values (Integrity, Compassion, Accountability, Respect, and Excellence) through empathic communication and partnerships between all persons. 
 Job Description 
 
 This position is responsible for providing technical expertise for implementation and enhancements to Biomedical systems used at H + H. The selected individual will be responsible for implementing components of biomedical systems for all facilities. This individual will build and test the functions that are needed for our biomedical systems integration with Epic. This position reports to the Director, Biomedical Systems.
 
 Duties & Responsibilities 
 
 Implements the integration of biomedical systems along with the implementation of Epic. Ensures that the appropriate biomedical systems are in place to interface with Epic in an optimal manner. Performs the testing of new biomedical devices and integration technology. Configures biomedical systems middleware to be able to interface with Epic using the required middleware. Resolves integration problems with biomedical applications and Epic. Contributes to the testing effort for biomedical systems implementation. Builds and tests a configuration that supports high availability and disaster recovery across our two data centers. Ensures that changes implemented are managed and documented. Document all work performed including software test plans, technical requirements, release notes, user and training guidelines, and other materials. Performs application support functions including problem solving and resolution of application function defects. Arrange for systems and application training. Works with other team members and departments to coordinate activities. This role is approximately 80% remote and up to 20% on-site. The selected candidate must be able to come into the office to perform the required work within 48 hours. 
 Minimum Qualifications 
 
 1. A Masters degree or advanced clinical degree from an accredited college or university; or 2. A Baccalaureate degree from an accredited college or university and one (1) year of experience gathering and documenting business, clinical, and/or functional requirements for software applications development and implementation in a clinical, allied health, non-allied health, behavioral health, information technology, information services, business, analytics or related area; or, one (1) year of experience in a relevant clinical and/or healthcare administration role/function; or 3. A satisfactory combination of education, training, and experience. 4. Specialty certification(s) issued by a national commercially available program, state, professional society, academic or technical institution in an area(s) listed above, may be credited on a month-to-month basis toward the required work experience for a total of one (1) year. 
 Department Preferences 
 
 Knowledge, Skills, Abilities and other Requirements: Good knowledge of computer and communications hardware capabilities and utilization, clinical applications, programming languages, systems and programming methodology, database management and information retrieval techniques Years of Experience: One-year experience in the integration of biomedical systems and electronic medical record systems, preferably with Epic. Special Equipment/Machines Operated: General Office equipment (computer, scanner, printer, phones) Experience with bedside monitoring devices, ventilators, anesthesia machines, ultrasound machines, etc. 
 How To Apply 
 
 If you wish to apply for this position, please apply online by clicking the ""Apply Now"" button. If applying online, please include your cover letter in the same file attachment with your uploaded resume. NYC Health and Hospitals offers a competitive benefits package that includes: Comprehensive Health Benefits for employees hired to work 20+ hrs. per week Retirement Savings and Pension Plans Loan Forgiveness Programs for eligible employees Paid Holidays and Vacation in accordance with employees' Collectively bargained contracts College tuition discounts and professional development opportunities Multiple employee discounts programs Note: Candidates selected for a position are required to come to NYC as part of their onboarding.",database; communication; problem solving,Indeed公开数据,https://www.indeed.com/viewjob?jk=c8e85dace7417241,5069
Business Analyst,Clinical Business Analyst Level 2,NYC Health + Hospitals,"New York, NY",Full-time,"About NYC Health + Hospitals 
 
 NYC Health + Hospitals/Gotham Health is one of the largest Federally Qualified Health Center (FQHC) in the country, providing coordinated world-class primary and specialty care with dignity and respect for all New Yorkers, without exception. At Gotham Health, we practice a person-centered caring culture that values delivering compassionate, quality healthcare in partnership with our patients, community organizations, and staff. Gotham Health is focused on high-quality, affordable care to everyone regardless of ability to pay or immigration status. Gotham Health serves the community through a two-pronged approach: providing treatment to those who need it while at the same time emphasizing prevention. We strive to deliver services in a way that maximizes each patient's opportunity to achieve successful health outcomes, we believe in every person's right to participate in their care plans, we facilitate partnerships with other community resources to meet the needs of our patients beyond healthcare, and we celebrate and recognize the compassionate care of our committed staff. Join our team if you want to be part of our Gotham Health Family, a person-centered, fully integrated, and innovative ambulatory care network that enables all New Yorkers to live their healthiest lives. 
 Job Description 
 
 SUMMARY OF DUTIES AND RESPONSIBILITIES: Gotham Health, one of the largest Federally Qualified Health Centers in the nation, provides the highest quality of primary and specialty care with dignity and respect for all New Yorkers, without exception. As part of the Quality Team, the Gotham Health Data Analyst will be providing critical informatics and analytical support to our quality assurance and performance improvement initiatives. We are seeking an enthusiastic and creative team member to collaborate on ways to generate, share and communicate data to drive quality improvement and better health outcomes for our patients, and further the mission of Gotham Health and NYC Health + Hospitals.
 General tasks and responsibilities will include: Derive meaningful insights by analyzing large, complex clinical and administrative datasets, and present findings to program managers, leadership, and administrative/clinical users. Interact with clinical and administrative leadership, translating quality improvement program needs into tangible, accurate and actionable data points Design, run and disseminate a variety of reports and analytical tools; writing and editing SQL and SAS code to adapt to end user requests as program needs evolve Act as lead for quality assurance data, continually helping to ensure that the data retrieved from Epic and other sources maintain a high level of rigorous validation, collaborating with end users of workflows, the Epic team, and other data analysts Continually identify opportunities for automation, improved efficiencies and streamlined processes Collaborate with IT, other Central Office departments, and local site contacts to identify and troubleshoot anomalies in the data and develop fixes or workarounds as needed. Serve as a core resource for the quality improvement program on all data needs, with particular emphasis on identifying and operationalizing ways to use data to drive process improvements. This will include ad-hoc analyses to explore areas of interest, and partnering with other members of the team to create tools and resources for practice sites. Analyses may include but are not limited to correlation, chi squared tests, student’s t tests, test for trend, Wilcoxon rank-sum tests, scatter plots, line graphs, bar charts, box and whisker plots. Engage in evaluation and broader operational and outcome analysis efforts, as well as developing analysis plans to conduct in-depth exploration of the cost and other implications of assigned projects. Work closely with regional and site quality leadership teams, participating in broader healthcare analytics projects and sharing expertise in pursuit of the team’s goals. 
 Minimum Qualifications 
 
 1. A Masters degree or advanced clinical degree from an accredited college or university and one (1) year of experience gathering and documenting business, clinical, and/or functional requirements using interviews, document analysis, workshops, surveys, site visits, business process descriptions, scenarios, business analysis, task and workflow analysis or related in a clinical, allied health, non-allied health, behavioral health, information technology, information services, business, analytics or related area; or, one (1) year of experience in a relevant clinical and/or healthcare administration role/function; or 2. A Baccalaureate degree from an accredited college or university and three (3) years of experience as described above; or 3. A satisfactory combination of education, training, and experience. 4. Specialty certification(s) issued by a national commercially available program, state, professional society, academic or technical institution in an area(s) listed above, may be credited on a month-to-month basis toward the required work experience for a total of one (1) year. 
 Department Preferences 
 
 KNOWLEDGEABLE IN: Experience with or exposure to data analysis in SQL, SAS, R, Python, Microsoft Excel Experience analyzing EHR-derived data is a priority. PREFERRED SKILLS: Substantial experience with SQL and SAS, preferably in a healthcare context Demonstrate initiative, sound judgement and flexibility; possess effective time management and organizational skills; and be able to work under deadlines and on multiple projects simultaneously. YEARS OF EXPERIENCE: Minimum of 1-3 years’ experience post-grad 
 How To Apply 
 
 If you wish to apply for this position, please apply online by clicking the ""Apply Now"" button NYC Health and Hospitals offers a competitive benefits package that includes: Comprehensive Health Benefits for employees hired to work 20+ hrs. per week Retirement Savings and Pension Plans Loan Forgiveness Programs for eligible employees Paid Holidays and Vacation in accordance with employees' Collectively bargained contracts College tuition discounts and professional development opportunities Multiple employee discounts programs 
 Vacancy Control Board Number 
 
 VCB #: CUM-07232021-0003",python; data analysis; sql; quality assurance; business analysis; leadership,Indeed公开数据,https://www.indeed.com/viewjob?jk=060d7754951c141f,6306
Business Analyst,"Business Analyst, Market Data Account Management","Intercontinental Exchange Holdings, Inc.","11 Wall Street, New York, NY 10005",Full-time,"Overview: 
 Job Purpose The New York Stock Exchange (an Intercontinental Exchange company) is seeking a motivated and detail-oriented individual to join the Market Data Administration business unit as a business analyst. This role will be supporting the firm’s Market Data Account Management team and their customers, with the opportunity to progress to an account management role. Responsibilities include supporting senior team members to maintain customer relationships, follow up on customer inquiries, generate reports and perform analysis related to the market data subscription services. The candidate should have strong communications and analytical skills. Responsibilities Assist senior team members to maintain customers relationships. Generate and analyze reports, perform research and analysis, and assist with solutions development. Communicate with customers to understand their market data needs, assist in licensing customers for data subscriptions. Manage process documentation related operational procedures. Be involved and learn about the market data industry. Knowledge and Experience Bachelor’s degree in a field that demonstrates analytical disciplines. 1+ year work experience or internship in a similar environment or role. Attention to detail and the ability to work independently and collaboratively. Must have high levels of curiosity, be self-motivated with strong interpersonal skills. Strong written and verbal communication skills. Proficiency in Microsoft suite products (Word, Excel, PowerPoint, Outlook). Strong Excel skills preferred. Schedule This role offers work from home flexibility of one day per week. New York Base Salary Range The expected base salary for this role if located in New York City is between $76,000 - 136,500. The base salary range does not include Intercontinental Exchange’s incentive compensation. While we provide this range as general guidance, at ICE we compensate employees based on the skillset and experience of the individual. Intercontinental Exchange, Inc. is an Equal Opportunity and Affirmative Action Employer. All qualified applicants will receive consideration for employment without regard to race, color, religion, gender, sexual orientation, gender identity, national origin or ancestry, age, disability or veteran status, or other protected status.",communication,Indeed公开数据,https://www.indeed.com/viewjob?jk=70537328a3c59b9e,2329
Business Analyst,"Business Analyst - CIO Office, Private Wealth",Neuberger Berman,"New York, NY",Full-time,"Summary:
 NB Private Wealth oversees approximately $65 billion in assets for individuals, families and charitable institutions. The NB Private Wealth Investment Group leads the investment process developing comprehensive portfolio solutions including the development of strategic asset allocation models, tactical asset allocation recommendations in conjunction with the firm’s Asset Allocation Committee, manager research and selection across a broad range of asset classes and strategies, portfolio construction and risk management.
 The Investment Group Analyst will support the day-to-day responsibilities of the Investment Group across all three of the Group’s functions: Investment Strategy, Investment Communications, and Investment Platform. The role will offer broad exposure to multi-asset class portfolio construction, manager due diligence, investment communications and content, data analysis, and business development/client management support. This position is suitable for individuals with limited research experience but strong analytical skills who also want to be directly involved in investment-related activities for a growing Private Wealth business.
 Responsibilities:
 Compile and analyze data to assist in the creation of materials to be used in business development/client management Perform quantitative and qualitative analyses on investment and economic related topics to contribute to the Group’s content (whitepapers, presentations, webinars, etc.) Participate in manager research/due diligence efforts Contribute to and deliver investment related communications with guidance Support team with ad-hoc projects and requests Qualifications:
 1-3 years industry experience, preferably in Asset/Wealth Management Bachelor’s degree required Strong analytical and problem-solving skills along with attention to detail Excellent written and oral communication skills Ability to work on a team but also understand instructions quickly and work independently Proficient in Microsoft PowerPoint, Excel, Bloomberg/Factset/Morningstar Series 7 and 66 exams preferred Compensation Details
 The salary range for this role is $70,000-$90,000. This is the lowest to highest salary we in good faith believe we would pay for this role at the time of this posting. We may ultimately pay more or less than the posted range, and the range may be modified in the future. This range is only applicable for jobs to be performed in New York City. An employee’s pay position within the salary range will be based on several factors including, but limited to, relevant education, qualifications, certifications, experience, skills, seniority, geographic location, performance, shift, travel requirements, sales or revenue-based metrics, any collective bargaining agreements, and business or organizational needs. This job is also eligible for a discretionary bonus. We offer a comprehensive package of benefits including paid time off, medical/dental/vision insurance, 401(k), life insurance and other benefits to eligible employees.
 Note: No amount of pay is considered to be wages or compensation until such amount is earned, vested, and determinable. The amount and availability of any bonus, commission, production, or any other form of compensation that are allocable to a particular employee remains in the Company's sole discretion unless and until paid and may be modified at the Company’s sole discretion, consistent with the law.
 Neuberger Berman is an equal opportunity/affirmative action employer. The Firm and its affiliates do not discriminate in employment because of race, creed, national origin, religion, age, color, sex, marital status, sexual orientation, gender identity, disability, citizenship status or protected veteran status, or any other characteristic protected by local, state, or federal laws, rules, or regulations. If you would like to contact us regarding the accessibility of our website or need assistance completing the application process, please contact onlineaccommodations@nb.com . Learn about the Applicant Privacy Notice .",data analysis; communication,Indeed公开数据,https://www.indeed.com/viewjob?jk=305a007ae78caa89,4072
Business Analyst,SENIOR BUSINESS ANALYST,HRA/DEPT OF SOCIAL SERVICES,"15 Metrotech Center, Brooklyn, NY 11201",Full-time,"SENIOR BUSINESS ANALYST Apply 
 SENIOR BUSINESS ANALYST Agency: HRA/DEPT OF SOCIAL SERVICES Posted on: 07/10/2024 
 Job type: Full-time Location BROOKLYN 
 Title Classification: Exam may be required Department 
 Mgmt Information System-NM 
 Salary range: $108,071.00 – $124,282.00 
 Job Description 
 APPLICANTS MUST BE PERMANENT IN THE COMPUTER SPECIALIST (SOFTWARE) CIVIL SERVICE TITLE.
 
 The Department of Social Services (DSS) is comprised of the administrative units of the New York City Human Resources Administration (HRA) and the Department of Homeless Services (DHS). HRA is dedicated to fighting poverty and income inequality by providing New Yorkers in need with essential benefits such as Food Assistance and Emergency Rental Assistance. DHS is committed to preventing and addressing homelessness in New York City by employing a variety of innovative strategies to help families and individuals successfully exit shelter and return to self-sufficiency as quickly as possible.
 
 Information Technology Services (ITS) is DSS’s technology services organization. ITS mission is to support the daily, emergent, and long-term needs of both agencies. ITS creates and enhances the technology infrastructure and computer applications that support HRA and DHS and develops applications, including a variety of client eligibility and recertification systems, case management systems, housing systems, employment/work engagement services, revenue producing computer matches, claiming systems, and personnel systems. 
 
 Under general direction from Senior Director, with high degree of latitude for independent action, judgement and decision making, the Senior Business Analyst is responsible for the assessment and implementation of complex information technology initiatives focusing on the business analysis and management of the DSS portfolio suite of applications. This position performs complex information technology project work that delivers usable software systems and technology solutions for business needs. 
 
 Information Technology Services/Office of Enterprise Solution Management is recruiting for one (1) Computer Specialist (SW) Level IV, to function as Senior Business Analyst, who will:
 
 
 Oversee, plan, manage and coordinate complex projects from initiation to completion, including defining project scope, creating/updating project plans and work breakdown structures, scheduling project 
 deliverables, goals, and milestones, identifying and managing IT project risks, determining resource 
 needs, obtaining sign off on project deliverables. 
 
 
 Lead tasks responsible for requirement gathering, analyzing procedures, rules and State and Local regulations to ensure proposed system business rules adhere to such regulations by serving as a 
 Subject Matter Expert (SME) on Business solution Applications portfolio from start to end to ensure 
 a smooth and effective bug free delivery to its end users.
 
 
 Lead meetings focusing on project status and scheduling, testing including Development, QA (Quality Assurance) and UAT (User Acceptance Test), and Release and Implementation planning by advising 
 and serving as an SME (Subject Matter Expert) in SDLC (System Development Life Cycle) from start 
 to end to ensure a speedy and effective delivery of assigned projects to all project stakeholders. 
 
 
 Drive improvement initiatives that focus on process improvement in application development as well as enhancing efficiency and effectiveness across the team. This includes identifying opportunities for 
 streamlining processes, implementing best practices, and ensuring the team adheres to established 
 methodologies and standards. Collaborate with cross-functional teams to gather feedback and 
 incorporate changes that lead to continuous improvement in project delivery and overall performance. 
 
 
 Prepare technical/administrative recommendations for executive management to inform and influence decision making and practices in the formulation of decisions having impact on other areas of ITS 
 regarding the upstream and downstream impacts of Benefit Issuance Systems modifications and 
 enhancements, to ensure the integrity and efficiency of all DSS solutions and to help ensure the 
 efficient use of Agency assets and resources.
 
 Hours/Shift:
 
 Normal Business Hours
 Minimum Qualifications
 (1) A baccalaureate degree from an accredited college, including or supplemented by twenty-four (24) semester credits in computer science or a related computer field and two (2) years of satisfactory full-time software experience in designing, programming, debugging, maintaining, implementing, and enhancing computer software applications, systems programming, systems analysis and design, data communication software, or database design and programming, including one year in a project leader capacity or as a major contributor on a complex project; or (2) A four-year high school diploma or its educational equivalent and six (6) years of full-time satisfactory software experience as described in “1"" above, including one year in a project leader capacity or as a major contributor on a complex project; or (3) A satisfactory combination of education and experience that is equivalent to (1) or (2) above. College education may be substituted for up to two years of the required experience in (2) above on the basis that sixty (60) semester credits from an accredited college is equated to one year of experience. A masters degree in computer science or a related computer field may be substituted for one year of the required experience in (1) or (2) above. However, all candidates must have a four year high school diploma or its educational equivalent, plus at least one (1) year of satisfactory full-time software experience in a project leader capacity or as a major contributor on a complex project. NOTE: In order to have your experience accepted as Project Leader or Major Contributor experience, you must explain in detail how your experience qualifies you as a project leader or as a major contributor. Experience in computer operations, technical support, quality assurance (QA), hardware installation, help desk, or as an end user will not be accepted for meeting the minimum qualification requirements. Special Note To be eligible for placement in Assignment Level IV, in addition to the Qualification Requirements stated above, individuals must have one year of satisfactory experience in a project leader capacity or as a major contributor on a complex project in data administration, database management systems, operating systems, data communications systems, capacity planning, and/or on-line applications programming. Preferred Skills
 - Excellent leadership skills including the ability to develop and communicate a vision that inspires and motivates staff and aligns with the overall IT and business strategies. - Ability to build partnerships with the business and demonstrate the business value of IT Infrastructure teams. - Ability to build partnerships with the application development side of IT. - Effective influencing and negotiation skills in an environment where needed resources may not be directly controlled by this role. - Excellent analytical, strategic conceptual thinking, planning, and execution skills. - Strong business acumen, including industry and domain-specific knowledge of the enterprise and its business units. - Excellent verbal and written communication skills, including the ability to explain technical concepts and technologies to business leaders and business concepts to the IT workforce and to effectively negotiate contracts. - Practical experience in Oracle Database Development using advanced PL/SQL techniques and how to leverage them to deliver mission critical systems in an agile setting.
 
 55a Program
 This position is also open to qualified persons with a disability who are eligible for the 55-a Program. Please indicate at the top of your resume and cover letter that you would like to be considered for the position through the 55-a Program.
 
 Public Service Loan Forgiveness
 As a prospective employee of the City of New York, you may be eligible for federal loan forgiveness programs and state repayment assistance programs. For more information, please visit the U.S. Department of Education’s website at 
 
 Residency Requirement
 New York City Residency is not required for this position
 
 Additional Information
 The City of New York is an inclusive equal opportunity employer committed to recruiting and retaining a diverse workforce and providing a work environment that is free from discrimination and harassment based upon any legally protected status or protected characteristic, including but not limited to an individual's sex, race, color, ethnicity, national origin, age, religion, disability, sexual orientation, veteran status, gender identity, or pregnancy. Minimum Qualifications
 (1) A baccalaureate degree from an accredited college, including or supplemented by twenty-four (24) semester credits in computer science or a related computer field and two (2) years of satisfactory full-time software experience in designing, programming, debugging, maintaining, implementing, and enhancing computer software applications, systems programming, systems analysis and design, data communication software, or database design and programming, including one year in a project leader capacity or as a major contributor on a complex project; or (2) A four-year high school diploma or its educational equivalent and six (6) years of full-time satisfactory software experience as described in “1\"" above, including one year in a project leader capacity or as a major contributor on a complex project; or (3) A satisfactory combination of education and experience that is equivalent to (1) or (2) above. College education may be substituted for up to two years of the required experience in (2) above on the basis that sixty (60) semester credits from an accredited college is equated to one year of experience. A masters degree in computer science or a related computer field may be substituted for one year of the required experience in (1) or (2) above. However, all candidates must have a four year high school diploma or its educational equivalent, plus at least one (1) year of satisfactory full-time software experience in a project leader capacity or as a major contributor on a complex project. NOTE: In order to have your experience accepted as Project Leader or Major Contributor experience, you must explain in detail how your experience qualifies you as a project leader or as a major contributor. Experience in computer operations, technical support, quality assurance (QA), hardware installation, help desk, or as an end user will not be accepted for meeting the minimum qualification requirements. Special Note To be eligible for placement in Assignment Level IV, in addition to the Qualification Requirements stated above, individuals must have one year of satisfactory experience in a project leader capacity or as a major contributor on a complex project in data administration, database management systems, operating systems, data communications systems, capacity planning, and/or on-line applications programming. Preferred Skills
 - Excellent leadership skills including the ability to develop and communicate a vision that inspires and \n motivates staff and aligns with the overall IT and business strategies. \n\n- Ability to build partnerships with the business and demonstrate the business value of IT Infrastructure \n teams.\n\n- Ability to build partnerships with the application development side of IT.\n\n- Effective influencing and negotiation skills in an environment where needed resources may not be \n directly controlled by this role.\n\n- Excellent analytical, strategic conceptual thinking, planning, and execution skills.\n\n- Strong business acumen, including industry and domain-specific knowledge of the enterprise and\n its business units.\n\n- Excellent verbal and written communication skills, including the ability to explain technical concepts \n and technologies to business leaders and business concepts to the IT workforce and to effectively \n negotiate contracts.\n\n- Practical experience in Oracle Database Development using advanced PL/SQL techniques and \n how to leverage them to deliver mission critical systems in an agile setting.
 
 55a Program
 This position is also open to qualified persons with a disability who are eligible for the 55-a Program. Please indicate at the top of your resume and cover letter that you would like to be considered for the position through the 55-a Program.
 
 Public Service Loan Forgiveness
 As a prospective employee of the City of New York, you may be eligible for federal loan forgiveness programs and state repayment assistance programs. For more information, please visit the U.S. Department of Education’s website at 
 
 Residency Requirement
 New York City Residency is not required for this position
 
 Additional Information
 The City of New York is an inclusive equal opportunity employer committed to recruiting and retaining a diverse workforce and providing a work environment that is free from discrimination and harassment based upon any legally protected status or protected characteristic, including but not limited to an individual's sex, race, color, ethnicity, national origin, age, religion, disability, sexual orientation, veteran status, gender identity, or pregnancy. 
 Job ID 640732 
 Title code 
 13632 
 Civil service title 
 COMPUTER SPECIALIST (SOFTWARE) 
 Title classification 
 Competitive-1 
 Business title 
 SENIOR BUSINESS ANALYST 
 Experience level: Experienced (non-manager) Job level 
 04 
 Number of positions 
 1 
 Work location 
 15 Metrotech 
 Category: Technology, Data & Innovation",classification; sql; oracle; database; quality assurance; qa; agile; business analysis; communication; leadership,Indeed公开数据,https://www.indeed.com/viewjob?jk=911e1bb3a42b62f4,13855
Data Science,Data Analyst,DAP Health,"Palm Springs, CA 92262",Full-time,"Job Summary This position reports directly to the Analytics Manager, contributing to the overall effectiveness and efficiency of the department's data management and analysis activities. The Data Analyst, situated in the Analytics Department of our healthcare organization, is crucial for supporting the department's objectives. Their focus is on providing detailed trending reports for government submissions, essential for healthcare initiatives' funding, internal measure tracking and ad-hoc reporting. They will develop and maintain reports and dashboards using advanced tools and data Lakehouse connections. The role demands precision and adaptability to specific reporting requirements. Continuous learning, especially in the Microsoft Suite of data tools like Excel, Power BI, Azure Data Studio and Fabric are key components of this role. Job Status Full-time, Non-exempt. Remote work option available. Duties/Responsibilities Analyze and interpret complex data sets using SQL, DAX and Phyton. Develop and maintain dashboards and reports in Microsoft Power BI and Tableau Cloud. Ensure data accuracy through meticulous validation and cleaning processes. Work collaboratively with various teams to identify and prioritize business needs. Identify trends and patterns in data to inform strategic decisions. Manage data warehousing and storage connections using Fabric. Required Skills/Abilities Proficiency in SQL, DAX, Python, Microsoft Excel, and other BI tools. Excellent analytical and problem-solving skills. Effective communication and collaboration abilities. Ability to work under pressure and meet tight deadlines. Knowledge of Crystal Reports and Business Objects applications is preferred. Camera must be on for all virtual meetings as part of remote work requirements. Education and Experience Associates degree in Computer Science, Engineering, Mathematics, Information Systems, or another quantitative field. Bachelors degree in Computer Science, Engineering, Mathematics, Information Systems, or another quantitative field. Proven experience in data analysis or related field. Familiarity with BI technologies and data warehousing solutions.",python; data analysis; tableau; power bi; sql; azure; communication,Indeed公开数据,https://www.indeed.com/viewjob?jk=0415f5a877249856,2161
Data Science,"VP, Data Analyst (Hybrid)",Citi,"New York, NY",Full-time,"The COO’s Enterprise Change Management Office (ECMO) team is seeking to hire a Change Management (CM) Analyst to fill a strategic deployment role critical to mobilizing a newly established centralized capability focused on change management. The CM Analyst will be expected to support implementation of a large scale project with focus on the automation of a new change management reporting inventory. This project will entail developing means of bringing together disparate datasets from several different areas to allow for the Change Management Governance group to better manage risk. This candidate is also required to support defining and implementation of appropriate data controls relating to data feeds, consolidation and reporting. The candidate will work very closely with the technology teams that are building out the Global O&T Risk and Control Dashboard as well as playing a role in acquiring the required data for this project in our big data platform. Responsibilities: Lead automation of risk reporting in the enterprise analytics platform utilizing Hive, Python and R Manage relationships with data providers to understand underlying data and gain awareness of changes to come Create presentations that will clearly state objectives, approaches and benefits of case studies and the ability to articulate results to stakeholders and senior management. Ability to work well in a team environment given competing priorities and to think outside of the box to come up with innovative solutions. Demonstrates strong judgment, political astuteness, and sensitivity to cultural diversity. Experience problem solving solutions that bring together disparate sets in a way that is sustainable in an automated environment Serve as a Subject Matter Expert for big data analytics, to partner and strategize with O&T stakeholders in developing analytical routines to achieve their objectives. Clearly articulate and present design solutions, rationale issues and tradeoffs. Develop dashboard prototypes with short turnaround time utilizing MS Access/Excel, Tableau, etc. Possess the ability to operate independently on complex projects and problem solve on the fly to ensure deliverables are met Qualifications: 6-10 years of experience in business analysis, project management, process improvement, technology and/or leadership of complex units. Ability to drive new initiatives and proof of concepts with stakeholders, with the ability to assess requirements and establish timelines for each analysis project. Strong risk management background in working with data for financial services companies, is preferred. Must have strong interpersonal skills to interface with all levels of management, as well as good analytical and communication skills. Must possess strong knowledge and real life experience in working with SQL (Hive) and Object Oriented Programming tools (Python, R) Strong understanding of predictive / analytical modeling techniques, theories, principles, and practices. Experience in machine learning techniques, statistical modeling, graph modeling and text mining routines is preferred. Ability to drive new initiatives and proof of concepts with stakeholders, with the ability to assess requirements and establish timelines for each analysis project. Education: Bachelor’s/University degree - Job Family Group: Project and Program Management
 - Job Family: Program Management
 - Time Type: Full time
 - Primary Location: New York New York United States
 - Primary Location Full Time Salary Range: $129,840.00 - $194,760.00
 In addition to salary, Citi’s offerings may also include, for eligible employees, discretionary and formulaic incentive and retention awards. Citi offers competitive employee benefits, including: medical, dental & vision coverage; 401(k); life, accident, and disability insurance; and wellness programs. Citi also offers paid time off packages, including planned time off (vacation), unplanned time off (sick leave), and paid holidays. For additional information regarding Citi employee benefits, please visit citibenefits.com. Available offerings may vary by jurisdiction, job level, and date of hire. - Anticipated Posting Close Date: Aug 06, 2024
 - Citi is an equal opportunity and affirmative action employer. Qualified applicants will receive consideration without regard to their race, color, religion, sex, sexual orientation, gender identity, national origin, disability, or status as a protected veteran. Citigroup Inc. and its subsidiaries (""Citi”) invite all qualified interested applicants to apply for career opportunities. If you are a person with a disability and need a reasonable accommodation to use our search tools and/or apply for a career opportunity review Accessibility at Citi. View the ""EEO is the Law"" poster. View the EEO is the Law Supplement. View the EEO Policy Statement. View the Pay Transparency Posting",python; machine learning; hive; tableau; sql; project management; business analysis; communication; leadership; problem solving,Indeed公开数据,https://www.indeed.com/viewjob?jk=90c9af1ab27ca293,4887
Data Science,Data Analyst (Remote),Medwatch LLC,Remote,Full-time,"Scope: The Data Analyst will be responsible for creating, monitoring, and troubleshooting data for the organization bridging data analytics and health care cost containment while driving positive changes in the industry Education: • A four-year college degree or equivalent industry training and certifications in one of the following Health informatics, Statistics, Mathematics, Economics, Computer Sciences or Data Science preferred. Licensure/Certification Requirements: • N/A Experience: • Three to five years of experience in a data analytics or related position • Experience with Microsoft's enterprise technology platform, including SQL. Python and Power BI. • Minimum of one year managing projects. Requirements/Skills: • Demonstrated work experience deriving actionable insights from the data that an organization generates. • Understanding of what data to collect and be able to carry out effective data analyses and building predictive models. • Able to problem solve and have a desire to learn. • Strong writing skills, as well as the ability to articulate analytical concepts to a broad range of technical and non-technical staff. • Strong analytical skills with the ability to collect, organize, analyze, and disseminate significant amounts of information with attention to detail and accuracy. • Adept at queries, report writing and presenting findings. • Understanding of healthcare claims data including but not limited to ICD and CPT codes. • Analytical thinking, problem solving and decision making. • Flexibility to work on multiple projects and assignments simultaneously. • Work and communicate knowledgably both independently and within a team environment. • Able to work in a fast-paced environment and perform under tight timelines. • Must be a fast learner with a commitment to personal growth. Duties and Responsibilities: • Ensure Quality and Accuracy of data. • Research and evaluate opportunities to demonstrate value\ROI to clients. • Turn data into information, information into insight and insight into business decisions. • Interpreting data, analyzing results using statistical techniques. • Identify, analyze, and interpret trends or patterns in complex data sets. • Collaborate with organizational leaders to prioritize and develop strategies for business and information needs. • Locate and define new process improvement opportunities. • Find patterns and trends in data analysis. By examining data sets, uncover valuable insights that can lead to informed decision-making. • Transforming complex data into meaningful insights. • Participates in the Quality Management Program by adhering to all company policies and procedures and identifying opportunities for improvement to ensure quality services are rendered to clients and customers. • The incumbent may be responsible for duties or responsibilities that are not listed in this job description. Duties and responsibilities may change at any time with or without notice. The pay range for this position is $80,000 to $90,000 Work Environment / Physical Demands: This position is in a typical office / home office environment which requires prolonged sitting in front of a computer. Requires hand-eye coordination and manual dexterity sufficient to operate standard office equipment including operation of standard computer and phone equipment. Applicants must be authorized to work for any employer in the United States. We are unable to sponsor applicants for employment. We are an Equal Opportunity Employer, including disability/vets About Medwatch LLC Are you ready to take your career to the next level? At MedWatch, we are a community of passionate, driven individuals who thrive on innovation and collaboration. For over 35 years, MedWatch has partnered with clients to develop innovative and effective solutions to address their needs. By mitigating risk within the plan population and focusing on quality care and improved outcomes, MedWatch reduces healthcare expenditures for the plan and plan member. We offer competitive compensation and a comprehensive benefits package including Paid Time Off, Medical, Dental, Vision, Short and Long-Term Disability, Life Insurance, AD&D, 401k with match, critical illness coverage, and discount programs.",python; data analysis; statistics; power bi; sql; problem solving,Indeed公开数据,https://www.indeed.com/viewjob?jk=5a0e36d66b9f0340,4248
Data Science,Senior Data Analyst,DEPARTMENT OF CITY PLANNING,"Manhattan, NY",Full-time,"Senior Data Analyst Apply 
 Senior Data Analyst Agency: DEPARTMENT OF CITY PLANNING Posted on: 05/23/2024 
 Job type: Full-time Location MANHATTAN 
 Title Classification: No exam required Department 
 ECO DEVELOPMENT & REG PLNG 
 Salary range: $82,506.00 – $94,882.00 
 Job Description 
 THE AGENCY
 The Department of City Planning (DCP) plans for the strategic growth and development of the City through ground-up planning with communities, the development of land use policies and zoning regulations applicable citywide, and sharing its perspectives on growth and community needs with sister agencies in collaboration with the Mayor’s Office of Management and Budget (OMB).
 
 The New York City Department of City Planning is a great place to work – cultivating intellectual inspiration, professional development, and creativity. Visit our website at to access the full listing of job opportunities and to learn more about our great agency. 
 
 THE DIVISION
 The Economic Development & Regional Planning Division is responsible for supporting the Department of City Planning, City Planning Commission, and City on a wide range of issues related to the equitable economic development of NYC neighborhoods and understanding the City’s sustainable growth objectives within the context of citywide and regional trends. Its diverse work program includes routine data collection and analysis of employment, neighborhood business activity, commercial and industrial markets, workforce and access to opportunity to help the City understand its economic health. The division also analyzes regionally scaled socioeconomic, housing, transportation, and mobility patterns to understand the city’s relationship with the surrounding tri-state metropolitan region. The division leads planning studies and initiatives of citywide scope for the agency, provides advice on the application of policy to individual land use review applications, and – working with other DCP divisions and the Executive office, sister agencies like the Economic Development Corporation (EDC), Department of Small Business Services (SBS), Office of Management and Budget (OMB), and Housing Preservation and Development (HPD), City Hall, and other City and State agencies – assists in setting and implementing policy priorities and objectives that support the city’s long-term economic and sustainable growth. 
 The division is also responsible for communicating and coordinating DCP and City initiatives and priorities with other governing entities throughout the larger New York metropolitan area and acts as an essential resource on regionally scaled trends and planning issues. 
 
 THE ROLE
 Under supervision, but with wide latitude for independent judgement, the Senior Planner for Economic Development and Regional Planning will help develop and execute the division’s research work program, project scoping, and production of internally and externally facing research deliverables. The Senior Planner will engage in data collection, processing and management, data interpretation and visualization, qualitative research and outreach, and information preparation across a mix of interactive and digital platforms. The role also entails serving as a liaison and/or supporting external relationships with data providers and data users in sister City agencies. This position will serve as a leader in a small research team and be engaged in all aspects of the development and execution of an ambitious research work program. 
 
 The successful candidate will have strong quantitative analytical skills and coding expertise, with an ability to present thoughtful, coherent messaging on complex topics in compelling written, visual, and oral communication. Demonstrated familiarity with economic and demographic datasets, and a proven ability preparing research products in NYC region or other regional contexts are highly valued. Experience with project management or overseeing of team deliverables is desirable.
 
 RESPONSIBILITIES:
 
 Assist in the creation, management, and maintenance of large data sets; Develop studies and produce complex analytic work on citywide issues including economic conditions and industry growth patterns, retail vacancy, commercial real estate, and supply chains, as well as understand how those trends are playing out in specific geographies or neighborhoods to inform policy development and decision-making; Support DCP divisions and Borough Offices, as well as external stakeholders, in preparing existing conditions assessments and economic profiles; Support staff mentoring and troubleshooting, assisting staff in sustaining high standards of data and policy analysis; Conduct studies on various regional issues, including patterns of mobility, urban/suburban migration, socioeconomic trends, and the regional housing market; Prepare graphic and written materials in static and dynamic digital formats for presentation to a range of public and civic audiences; Liaise with data providers and data users within the agency and in other City agencies; Assist in the review and analysis process of NYC and regional population and employment forecasting; Be a technical resource to the agency and other city agencies on city and regional planning information; Perform other related tasks. Minimum Qualifications
 1. For Assignment Level I (only physical, biological and environmental sciences and public health) A master's degree from an accredited college or university with a specialization in an appropriate field of physical, biological or environmental science or in public health. To be appointed to Assignment Level II and above, candidates must have: 1. A doctorate degree from an accredited college or university with specialization in an appropriate field of physical, biological, environmental or social science and one year of full-time experience in a responsible supervisory, administrative or research capacity in the appropriate field of specialization; or 2. A master's degree from an accredited college or university with specialization in an appropriate field of physical, biological, environmental or social science and three years of responsible full-time research experience in the appropriate field of specialization; or 3. Education and/or experience which is equivalent to ""1"" or ""2"" above. However, all candidates must have at least a master's degree in an appropriate field of specialization and at least two years of experience described in ""2"" above. Two years as a City Research Scientist Level I can be substituted for the experience required in ""1"" and ""2"" above. NOTE: Probationary Period Appointments to this position are subject to a minimum probationary period of one year. Preferred Skills
 PREFERRED SKILLS - Degree in data science, geography, public administration, urban planning or related field - Proficiency obtaining, processing, QA/QC, and visualizing data using a coding language(s), with a strong preference for Python, and experience using statistics and data visualization packages - Demonstrated understanding of ETL best practices and familiarity working with APIs to obtain data - Ability to conduct Excel-based data analysis and visualization - Experience working with and visualizing spatial data using coding packages and/or using third-party mapping platforms like ArcGIS, QGIS, Carto (or others) - Familiarity with U.S. Census, Bureau of Labor Statistics, and other public datasets - Familiarity with economic, labor, demographic, and real estate data and trends, with a focus on the NYC area - Experience conducting studies, performing qualitative and quantitative analysis, writing reports, and preparing and delivering presentations to a variety of audiences - Can work effectively in a team structure to complete tasks in a timely fashion under minimal supervision, monitor a work program, manage multiple projects simultaneously - Outstanding interpersonal skills, and an ability to work and build consensus in a complex, multi-disciplinary environment. - Proficiency in MS Office (Word, Excel, PowerPoint) required - Experience with Adobe Creative Suite a plus - Familiarity with git and/or GitHub preferred
 
 Public Service Loan Forgiveness
 As a prospective employee of the City of New York, you may be eligible for federal loan forgiveness programs and state repayment assistance programs. For more information, please visit the U.S. Department of Education’s website at 
 
 Residency Requirement
 New York City residency is generally required within 90 days of appointment. However, City Employees in certain titles who have worked for the City for 2 continuous years may also be eligible to reside in Nassau, Suffolk, Putnam, Westchester, Rockland, or Orange County. To determine if the residency requirement applies to you, please discuss with the agency representative at the time of interview.
 
 Additional Information
 The City of New York is an inclusive equal opportunity employer committed to recruiting and retaining a diverse workforce and providing a work environment that is free from discrimination and harassment based upon any legally protected status or protected characteristic, including but not limited to an individual's sex, race, color, ethnicity, national origin, age, religion, disability, sexual orientation, veteran status, gender identity, or pregnancy. Minimum Qualifications
 1. For Assignment Level I (only physical, biological and environmental sciences and public health) A master's degree from an accredited college or university with a specialization in an appropriate field of physical, biological or environmental science or in public health. To be appointed to Assignment Level II and above, candidates must have: 1. A doctorate degree from an accredited college or university with specialization in an appropriate field of physical, biological, environmental or social science and one year of full-time experience in a responsible supervisory, administrative or research capacity in the appropriate field of specialization; or 2. A master's degree from an accredited college or university with specialization in an appropriate field of physical, biological, environmental or social science and three years of responsible full-time research experience in the appropriate field of specialization; or 3. Education and/or experience which is equivalent to \""1\"" or \""2\"" above. However, all candidates must have at least a master's degree in an appropriate field of specialization and at least two years of experience described in \""2\"" above. Two years as a City Research Scientist Level I can be substituted for the experience required in \""1\"" and \""2\"" above. NOTE: Probationary Period Appointments to this position are subject to a minimum probationary period of one year. Preferred Skills
 PREFERRED SKILLS\n-\tDegree in data science, geography, public administration, urban planning or related field \n-\tProficiency obtaining, processing, QA/QC, and visualizing data using a coding language(s), with a strong preference for Python, and experience using statistics and data visualization packages\n-\tDemonstrated understanding of ETL best practices and familiarity working with APIs to obtain data\n-\tAbility to conduct Excel-based data analysis and visualization\n-\tExperience working with and visualizing spatial data using coding packages and/or using third-party mapping platforms like ArcGIS, QGIS, Carto (or others)\n-\tFamiliarity with U.S. Census, Bureau of Labor Statistics, and other public datasets\n-\tFamiliarity with economic, labor, demographic, and real estate data and trends, with a focus on the NYC area\n-\tExperience conducting studies, performing qualitative and quantitative analysis, writing reports, and preparing and delivering presentations to a variety of audiences\n-\tCan work effectively in a team structure to complete tasks in a timely fashion under minimal supervision, monitor a work program, manage multiple projects simultaneously\n-\tOutstanding interpersonal skills, and an ability to work and build consensus in a complex, multi-disciplinary environment. \n-\tProficiency in MS Office (Word, Excel, PowerPoint) required\n-\tExperience with Adobe Creative Suite a plus\n-\tFamiliarity with git and/or GitHub preferred
 
 Public Service Loan Forgiveness
 As a prospective employee of the City of New York, you may be eligible for federal loan forgiveness programs and state repayment assistance programs. For more information, please visit the U.S. Department of Education’s website at 
 
 Residency Requirement
 New York City residency is generally required within 90 days of appointment. However, City Employees in certain titles who have worked for the City for 2 continuous years may also be eligible to reside in Nassau, Suffolk, Putnam, Westchester, Rockland, or Orange County. To determine if the residency requirement applies to you, please discuss with the agency representative at the time of interview.
 
 Additional Information
 The City of New York is an inclusive equal opportunity employer committed to recruiting and retaining a diverse workforce and providing a work environment that is free from discrimination and harassment based upon any legally protected status or protected characteristic, including but not limited to an individual's sex, race, color, ethnicity, national origin, age, religion, disability, sexual orientation, veteran status, gender identity, or pregnancy. 
 Job ID 636787 
 Title code 
 21744 
 Civil service title 
 CITY RESEARCH SCIENTIST 
 Title classification 
 Non-Competitive-5 
 Business title 
 Senior Data Analyst 
 Experience level: Experienced (non-manager) Job level 
 02 
 Number of positions 
 1 
 Work location 
 120 Broadway, New York, NY 
 Category: Engineering, Architecture, & Planning",python; data analysis; statistics; classification; git; qa; project management; communication,Indeed公开数据,https://www.indeed.com/viewjob?jk=c95ec2fee6f1d30d,13796
Data Science,Data Analyst - Immigration Data,Fragomen,"New York, NY",Full-time,"Job Description
 We are seeking a Data Analyst whose key responsibility will be to act a primary point of contact between the business and our IT reporting group and work closely with our external clients to understand reporting needs. In this role, the Data Analyst will work closely with legal teams to develop detailed business requirements and will then design reporting specifications to support these requirements. If you have superb Excel skills, have an analytical mindset and are a strong self-starter, this role is for you! Legal knowledge in the immigration field is a plus.
 How will you make a difference as a Data Analyst at Fragomen?
 Serve as a reporting case analyst ensuring all cases are moving in a timely manner in accordance with process and client SLAs. Create and update process guides to improve report monitoring. Analyze several layered reports including start date/EAD/Document and disseminate direction to team and follow up to ensure completion. Build forecast models to anticipate team and client growth. Analyze data points to identify bottlenecks and advise on innovative solutions Provide reporting support to attorneys, paralegals and clients relating to the tracking, preparation, and filing of immigration petitions and applications Gather and analyze business requirements from legal teams and clients Formulate technical specifications for new reports based on business requirements Communicate regularly with team supervisors regarding reporting requirements and data integrity questions Verify specialized and / or new reports for accuracy Identify modifications that need to be made to current reports to accommodate data from the firm’s case management application Monitor and coordinate the handling of new and pending reporting requests, to ensure satisfaction of requirements and timely delivery Leverage your valuable skills and experience to make an impact at Fragomen:
 BS or BA degree required Minimum two to three years of experience providing business analysis or data analytics At least two years of experience providing reporting support in a professional office environment using SAP Business Objects/Web Intelligence (WEBI) Familiarity with Tableau or other data visualization tools a plus Basic understanding of web-based data driven technologies Expertise in Microsoft Excel Strong communication skills - both verbal and written is a MUST Strong data analysis and troubleshooting skills Ability to multi-task in a fast-paced environment with tight deadlines Strong customer service skills to both internal and external clients Excellent attention to detail Proven experience in handling multiple deliverables efficiently Strong organization skills Critical thinking and problem-solving abilities Basic understanding of business immigration law preferred Compensation:
 The salary range for this role takes into account many factors that are considered in making compensation decisions including but not limited to the individual’s skills, experience, qualifications, work location, work arrangement, licensure and certifications, and applicable laws. It is not typical for an individual to be hired at the top end of the range for their role and compensation decisions are dependent on the factors noted.
 A reasonable and good-faith estimate of the current salary range for individuals able to work a hybrid schedule in the office locally is:
 $69,000.00 - $78,000.00
 You may also be eligible to take advantage of our benefits offering, 401K, and paid time off plans.",data analysis; tableau; business analysis; sap; communication,Indeed公开数据,https://www.indeed.com/viewjob?jk=3d5e7c1c3550b28a,3527
PMO,CREATIVE PROJECT COORDINATOR,Cella,Remote,Contract,"Location: Remote Job Type: Contract Compensation Range: $28 - 34 per hour 
 We are seeking a dynamic and organized individual to join our client's team as a remote Creative Project Coordinator! This role is pivotal in facilitating the smooth operation of marketing projects, ensuring deadlines are met, and quality standards are maintained. The ideal candidate will be detail-oriented, possess excellent communication skills, and thrive in a collaborative environment. Responsibilities: 
 
 Process and schedule the intake of new work, ensuring timely initiation of projects. 
 Monitor and initiate the annual review of Marketing assets. 
 Maintain a communications calendar to facilitate effective coordination. 
 Provide general administrative support to project teams to execute, coordinate, track, and measure projects. 
 Review and prepare various Agency activity reports to provide insights for strategic decision-making. 
 Set up projects, schedules, and folders based on requirements, and notify team members to initiate work. 
 Support annual audit activities, including initial asset vetting. 
 Tag and organize marketing assets for easy accessibility. 
 Review and update team process documentation. 
 Perform quality control reviews and maintenance of communications calendar. 
 Monitor team inbox, respond to inquiries, or route them appropriately. 
 Follow established workflows for operational communications. 
 Provide project coordination support for select efforts. 
 Ensure proper handling of confidential data to safeguard against unauthorized access or disclosure. 
 
 Qualifications: 
 
 Experience level: Experienced 
 Education: Bachelors 
 Clear communicator with a collaborative approach. 
 Strong problem-solving and follow-through skills. 
 Exceptional attention to detail. 
 Appreciation for process with flexibility when needed. 
 Willingness to adopt new tools and technologies. 
 Excellent organizational skills with the ability to manage multiple tasks. 
 Proficiency in Microsoft Office Suite, especially Word and Excel. 
 Experience with Adobe Workfront and/or Microsoft Power BI is a plus. 
 1-2 years of professional experience or a bachelor’s degree in a related field. 
 JOBID: 1061520 #LI-CELLA #LI-JB1 #LI-REMOTE Equal Opportunity Employer: Race, Color, Religion, Sex, Sexual Orientation, Gender Identity, National Origin, Age, Genetic Information, Disability, Protected Veteran Status, or any other legally protected group status. At Cella, a randstad digital company, we welcome people of all abilities and want to ensure that our hiring and interview process meets the needs of all applicants. If you require a reasonable accommodation to make your application or interview experience a great one, please contact HRsupport@randstadusa.com. Pay offered to a successful candidate will be based on several factors including the candidate's education, work experience, work location, specific job duties, certifications, etc. In addition, Cella by randstad digital offers a comprehensive benefits package, including health, an incentive and recognition program, and 401K contribution (all benefits are based on eligibility). This posting is open for thirty (30) days.",power bi; communication,Indeed公开数据,https://www.indeed.com/viewjob?jk=7bdb37768f0c008b,3207
PMO,"Training Program Manager, Member Care",Included Health,Remote,Full-time,"The Training Program Manager is responsible for transforming business needs into learning solutions as they may relate to onboarding, functional training/role readiness, continuing education, and leadership development.
 
 
 This role plays a crucial role within the Member Care Training & Education Team, reporting directly to the Sr. Mgr, Member Care Training & Education. Acting as a thought leader and consultant wherever learning is concerned, this role will partner closely with the Supervisor of Member Care Training to determine how and when content is delivered to our Care Team with a goal of understanding the ongoing and evolving needs of our business in order to develop learning programs in support. These two roles are jointly responsible for the success of Member Care Training Programs. The Program Manager will own content design and guide Learning Specialists in content development using industry best practices. In service to Included Healths value of ‘We’re Here for Outcomes,’ this role must continuously evaluate the success and effectiveness of our programs through metrics such as Quality, MSAT, learner satisfaction, and learner assessments.
 
 Responsibilities: With minimal direction, partner with stakeholders in CaPS, Quality, TAO, and Member Care in order to design, develop, and implement seamless onboarding, continuing education, and leadership development programs. Drive measurable outcomes oriented around learner and member experience. In partnership with stakeholders and other Training Program Manager(s)/Supervisor, Member Care Training, identify quantifiable goals to be met with training (aka: what are we aiming to improve?) Evaluate the effectiveness of training programs and, in turn, the work of direct reports, through metrics such as Quality, MSAT, learner satisfaction, and learner assessments. Act as a thought leader and consultant for stakeholders wherever learning is concerned. Apply proven instructional design and adult learning theories to the development of engaging and relevant content that enhances learning transfer and retention. Required Qualifications: 5+ years experience in the training industry, including at least 2 years managing programs. Subject-matter expertise in project management, program management, eLearning design and development, and the corresponding tools. Strong consultation skills and the ability to seek out information and provide quality advice. Ability to effectively manage a project through the full lifecycle. Ability to establish performance measurements to assess effectiveness or impact. Ability to implement process improvement measures into programs and gain buy in from stakeholders. Ability to build rapport quickly and establish and maintain productive, trust-based, and effective relationships with a wide array of individuals across diverse client groups. Ability to maintain flexibility, cooperation, and participate in cross-organizational performance improvement activities. Ability to orient cross-departmental teams to shared goals and project outcomes. Ability to understand, design, build, and implement solutions based on learners' needs. Effective and dynamic communicator and facilitator, particularly in using adult learning and interactive methods. Ability to develop and deliver effective presentations to varying groups and sizes. Ability to actively listen, understand, and respond to stakeholders in a productive manner. Ability to co-design approach, timeline, scope, and use of resources with committee members and stakeholders. Ability to express ideas and convey information effectively and professionally in verbal and written communications. Strong attention to detail. Preferred Qualifications: Graduate degree and/or relevant certifications Physical/Cognitive Requirements: Prompt and regular attendance at assigned work location. Ability to remain seated in a stationary position for prolonged periods. Requires eye-hand coordination and manual dexterity sufficient to operate keyboard, computer and other office-related equipment. No heavy lifting is expected, though occasional exertion of about 20 lbs. of force (e.g., lifting a computer / laptop) may be required. Ability to interact with leadership, employees, and members in an appropriate manner. The United States new hire base salary target ranges for this full-time position are:
 Zone A: $70,190 - $91,250 + equity + benefits
 Zone B: $80,719 - $104,938 + equity + benefits
 Zone C: $87,738 - $114,063 + equity + benefits
 Zone D: $91,247 - $118,625 + equity + benefits
 This range reflects the minimum and maximum target for new hire salaries for candidates based on their respective Zone. Below is additional information on Included Health's commitment to maintaining transparent and equitable compensation practices across our distinct geographic zones.
 Starting base salary for the successful candidate will depend on several job-related factors, unique to each candidate, which may include, but not limited to, education; training; skill set; years and depth of experience; certifications and licensure; business needs; internal peer equity; organizational considerations; and alignment with geographic and market data. Compensation structures and ranges are tailored to each zone's unique market conditions to ensure that all employees receive fair and competitive compensation based on their roles and locations. Your Recruiter can share details of your geographic alignment upon inquiry. In addition to receiving a competitive base salary, the compensation package may include, depending on the role, the following:
 Remote-first culture
 401(k) savings plan through Fidelity
 Comprehensive medical, vision, and dental coverage through multiple medical plan options (including disability insurance)
 Full suite of Included Health telemedicine (e.g. behavioral health, urgent care, etc.) and health care navigation products and services offered at no cost for employees and dependents
 Generous Paid Time Off (""PTO"") and Discretionary Time Off (“DTO"") 
 12 weeks of 100% Paid Parental leave
 Family Building Benefit with fertility coverage and up to $25,000 for Surrogacy & Adoption financial assistance
 Compassionate Leave (paid leave for employees who experience a failed pregnancy, surrogacy, adoption or fertility treatment)
 11 Holidays Paid with one Floating Paid Holiday
 Work-From-Home reimbursement to support team collaboration and effective home office work
 24 hours of Paid Volunteer Time Off (“VTO”) Per Year to Volunteer with Charitable Organizations",project management; leadership,Indeed公开数据,https://www.indeed.com/viewjob?jk=1de23a03c7031df1,6566
PMO,"Sr. Program Manager, MSNT Events (Remote)",Stryker,"Portage, MI 49002",Full-time,"We are excited to be named one of the World’s Best Workplaces by Fortune Magazine! We are proud to offer you 12 paid holidays annually. For an overview of our benefits and time off, please follow this link to learn more:US Stryker employee benefits.
 Who we want Detail-oriented process improvers. Critical thinkers who naturally see opportunities to develop and optimize work processes – finding ways to simplify, standardize and automate. Collaborative partners. People who build and leverage cross-functional relationships to bring together ideas, data and insights to drive continuous improvement in functions. Managers who drive performance. People who implement process improvements and leverage the talent of their team to consistently increase performance and productivity. What you will do As the Sr Program Manager, MSNT (Medsurg Neurotechnology) Events, you will plan, develop and oversee marketing events for internal and/or external clients. You will be responsible for planning and executing large, cross- divisional events (including multiyear projects) that aim to engage and educate our employees. Manage the program planning of the MSNT Group National Sales Meeting and support commercial and group events as assigned. Develop, execute and refine planning process for MSNT Group and commercial events, identifying and implementing systems, solutions and resources as needed to meet program objectives. Participate in the RFP process to detail out program needs, specs and deliverables. Strategically manage cross-divisional planning teams to ensure deadlines are met, expectations are clear and programs remain on track. Responsible for projecting and reconciling event budgets exceeding 5M+ across multiple cost centers and in coordination with indirect procurement to mitigate costs. Partner with marketing and executive leadership to develop event experiences that align with business priorities and objectives. Provide clear and consistent management of vendors, outlining expectations and deliverables. Partner with Global Security, Legal and Risk management to ensure compliance with legal, health, insurance, and safety obligations. Engage in problem solving and consensus building in complex situations to implement custom oriented solutions. Monitor industry trends to continuously improve strategy and tactical execution. What You Need Bachelor's Degree required. CMP preferred. 10+ years of event planning and management experience required. Experience supporting a matrixed, global organization preferred. Strong organizational and project management skills, with the ability to drive multiple projects simultaneously. Proven record of executing complex large-scale events annually required. Ability to travel 30% annually. $112,800 - $239,900 salary plus bonus eligible + Benefits (Health, Vision, Dental, 401K, Tuition Reimbursement, Employee Assistance Program, Wellbeing Program, Employee Stock Purchase Program). This information reflects the anticipated salary range for this position based on current national data. Actual minimum and maximum may vary based on location. Individual pay is based on skills, experience, and other relevant factors. Health benefits include: Medical and prescription drug insurance, dental insurance, vision insurance, critical illness insurance, accident insurance, hospital indemnity insurance, personalized healthcare support, wellbeing program and tobacco cessation program. Financial benefits include: Health Savings Account (HSA), Flexible Spending Accounts (FSAs), 401(k) plan, Employee Stock Purchase Plan (ESPP), basic life and AD&D insurance, and short-term disability insurance. Stryker offers innovative products and services in MedSurg, Neurotechnology, Orthopaedics and Spine that help improve patient and healthcare outcomes. Alongside its customers around the world, Stryker impacts more than 150 million patients annually. Depending on customer requirements employees and new hires in sales and field roles that require access to customer accounts as a function of the job may be required to obtain various vaccinations as an essential function of their role.",project management; leadership; problem solving,Indeed公开数据,https://www.indeed.com/viewjob?jk=98b9c2da830cf35e,4142
PMO,Program Manager - Product Counsel,Atlassian,"San Francisco, CA 94104",Full-time,"Overview: 
 Working at Atlassian Atlassians can choose where they work – whether in an office, from home, or a combination of the two. That way, Atlassians have more control over supporting their family, personal goals, and other priorities. We can hire people in any country where we have a legal entity. Interviews and onboarding are conducted virtually, a part of being a distributed-first company. Responsibilities: 
 This is a remote position. To help our teams work together effectively, this role requires you to be located in the pacific standard timezone. Your future team We're looking for an experienced Senior Program Manager to join our dynamic and collaborative legal team at Atlassian! You’ll join a team of legal professionals building a new product counsel function at Atlassian. You will be an individual contributor reporting to the Deputy General Counsel of Product, who in turn reports to the General Counsel. Successful teammates bring deep experience with program management, a history of working with product teams at a tech company, and an interest in understanding the unique considerations that apply to a Legal team. What you'll do Drive Legal program management for Atlassian's artificial intelligence product launches Identify and participate in touch points with the R&D organization to ensure Product Counsel is across from relevant R&D planning and work Work with Legal Operations to design and implement the tooling needed to manage work and make data-informed decisions Design and facilitate team rituals including team meetings and offsites Run quarterly and annual team planning to establish work ownership and prioritization Run plays to ensure smooth operations between departments within Legal Qualifications: 
 Your background 7 + years of experience in program management Background in program management with product teams at a high-growth SaaS tech company Success with stakeholder management for product/feature launches Compensation At Atlassian, we strive to design equitable, explainable, and competitive compensation programs. To support this goal, the baseline of our range is higher than that of the typical market range, but in turn we expect to hire most candidates near this baseline. Base pay within the range is ultimately determined by a candidate's skills, expertise, or experience. In the United States, we have three geographic pay zones. For this role, our current base pay ranges for new hires in each zone are: Zone A: $164,500 - $219,300 Zone B: $148,000 - $197,400 Zone C: $136,500 - $182,000 This role may also be eligible for benefits, bonuses, commissions, and equity. Please visit go.atlassian.com/payzones for more information on which locations are included in each of our geographic pay zones. However, please confirm the zone for your specific location with your recruiter. Our perks & benefits Atlassian offers a variety of perks and benefits to support you, your family and to help you engage with your local community. Our offerings include health coverage, paid volunteer days, wellness resources, and so much more. Visit go.atlassian.com/perksandbenefits to learn more. About Atlassian At Atlassian, we're motivated by a common goal: to unleash the potential of every team. Our software products help teams all over the planet and our solutions are designed for all types of work. Team collaboration through our tools makes what may be impossible alone, possible together. We believe that the unique contributions of all Atlassians create our success. To ensure that our products and culture continue to incorporate everyone's perspectives and experience, we never discriminate based on race, religion, national origin, gender identity or expression, sexual orientation, age, or marital, veteran, or disability status. All your information will be kept confidential according to EEO guidelines. To provide you the best experience, we can support with accommodations or adjustments at any stage of the recruitment process. Simply inform our Recruitment team during your conversation with them. For San Francisco Only: Pursuant to the San Francisco Fair Chance Ordinance, we will consider for employment qualified applicants with arrest and conviction records. To learn more about our culture and hiring process, visit go.atlassian.com/crh",stakeholder,Indeed公开数据,https://www.indeed.com/viewjob?jk=e3e5436d46484896,4315
PMO,Program Manager - Remote- US East Coast,Live Nation,"New York, NY",Full-time,"Job Summary: THE TEAM At Ticketmaster we are leaders in the business of selling the live entertainment experience to fans around the world. The Global Project Management Office (PMO) at Ticketmaster is a team of skilled and experienced project management professionals. PMO works closely with our technology, operational and commercial partners to deliver strategic projects and programs across multiple countries and continents, across multiple technologies using various project frameworks and methodologies. THE JOB We have an exciting opportunity for an experienced Program Manager who can apply the principles of professional project management to develop our products, tools and service offerings within our complex global organization. You will have broad experience of delivering programs in a mixed methodology environment, providing a consistent, reliable service to sponsors, stakeholders, colleagues and the Global PMO Team. In this role you will manage and deliver programs by coordinating activities and delivery across multiple, related projects that span technology and operational teams and areas. These programs deliver strategic initiatives that enable business transformation in the short to mid-term. You will be comfortable with complexity and will have the aptitude and contextual perspective to understand how multiple parts work together. You will be able to adapt to different areas of the business to meet demands. You will understand the importance of setting objectives and agreeing a set of key results to demonstrate the success of outcomes and initiatives. Crucially, you will be a great communicator – you’ll be able to communicate through metrics, showcases and presentations and tailor messages appropriately for the target audience whether discussing project health with the executive team or presenting at a conference. The person in this role will have the ability and gravitas to lead, inspire and motivate teams. At Ticketmaster we understand that it is our people and our teams who make us great. You will be team player who works closely with peers to agree effective strategies for delivering business outcomes. You will ensure team structures support delivery and you will help teams deliver rapidly and safely. RESPONSIBILITIES Manage and deliver programs by coordinating activities and delivery across multiple, related projects that span technology and operational teams and areas Accountable for delivering strategic initiatives that enable business transformation in the short to mid-term (1-3 years) Provides input on quarterly prioritization Ability to adapt to different areas of the business to manage and deliver programs where needed. Comfortable with complexity with a high level, contextual perspective and understanding for how multiple parts work together to fulfil a strategic objective that can transform business Proven experience within the fields of Project and Program Management Analyze and provide regular status reports that are objective and reflect the true state of progress Ensure that projects/programs are executed within specified timeframes and budget in accordance with quality and benefit targets using defined controls, processes and support tools Collaborate with teams to identify, log, track and resolve principles of professional project management such as Risk, Issue, Dependency, Decision and Change Management, Resource and Capacity Management and leverage these to improve control and visibility Coordinate activities to promote work flow and manage escalations either within the team or to sponsors and executives when needing steer Mange the complete lifecycle and facilitate the team to transition from phase to phase You will be passionate about continuous improvement and the benefits that formal improvement techniques can bring to the organization. Champion, maintain and improve PMO best practices to ensure the company and new members of the team are aware of and understand the value in these processes and principles. Travel to other Ticketmaster offices when needed to support teams, maintain relationships and co-ordinate launch activities. Provide advice and guidance to new or junior members of the team and provide support to colleagues and managers alike. WHAT YOU NEED TO KNOW (or TECHNICAL SKILLS) Fluent in English with an approach that inspires confidence through verbal, written and presentation skills and delivers clear and concise information tailored for different stakeholders and situations Able to build rapport quickly to establish trust, respect and confidence that builds excellent working relationships with colleagues and internal stakeholders at all levels of the organization, and external vendors, to ensure objectives are understood, expectations set and appropriate business engagement is in place throughout the project or program lifecycle Excellent facilitation skills to conduct meetings and workshops that encourage attendees to participate and collaborate effectively and efficiently ranging from small ideation sessions, to internal conferences, to formal steering groups Facilitate planning with teams to generate and develop plans and roadmaps that provide clarity for the team and sponsors, drawing on a variety of estimation techniques and planning tools Ensure the Systems Development Life Cycle (SDLC) processes and guidelines are understood and adhered too An excellent understanding of the Agile and Lean frameworks, with the knowledge and experience to critically analyze current best practices for suitability within Ticketmaster Experienced and knowledgeable in Agile and Waterfall methodologies, as well as other forecast and estimation tools and technics Qualified in a recognized Project Management methodology (Prince II, PMI, etc) Extremely competent in using Microsoft Office, specifically advanced Excel and PowerPoint YOU (BEHAVIORAL SKILLS) Fluent in English with an approach that inspires confidence through verbal, written and presentation skills and delivers clear and concise information tailored for different stakeholders and situations Excellent leadership skills to lead, inspire and motivate cross-functional distributed teams in various international offices Able to present with confidence and excel at standing up in front of a room to lead workshops or structured training sessions. Able to negotiate and understand the value of listening and the power of empathy Engender cohesion and trust within the team by focusing on the collective goal, exploring all points of view and support the team in decision making. Pragmatic in approach and delivery focused where the delivery of value and practical lean processes to the business is the predominant driver. Excellent organizational skills and the ability to prioritize tasks and manage expectations. A self-starter and creative problem-solver with the ability to quickly understand complexities of technology within a business context and who facilitates the team to deliver the best solution against the constraints of time, cost and quality. BENEFITS & PERKS Our motto is ‘Taking Care of Our Own’ through 6 pillars of benefits: HEALTH: Medical, Dental and Vision benefits for you and your family, including Flexible Spending Accounts (FSA) and Health Savings Accounts (HSAs) YOURSELF: Paid time off policy including holidays, sick time, and day off for your birthday, free concert tickets WEALTH: 401(k) program with company match, Stock Program Reimbursement FAMILY: New parent programs & support including caregiver leave and infertility support CAREER: Tuition reimbursement, student loan repayment internal growth and development programs & trainings OTHERS: Volunteer time off, crowdfunding network LIFE AT TICKETMASTER We are proud to be a part of Live Nation Entertainment, the world’s largest live entertainment company. Our vision at Ticketmaster is to connect people around the world to the live events they love. As the world’s largest ticket marketplace and the leading global provider of enterprise tools and services for the live entertainment business, we are uniquely positioned to successfully deliver on that vision. We do it all with an intense passion for Live and an inspiring and diverse culture driven by accessible leaders, attentive managers, and enthusiastic teams. If you’re passionate about live entertainment like we are, and you want to work at a company dedicated to helping millions of fans experience it, we want to hear from you. Our work is guided by our values: Reliability - We understand that fans and clients rely on us to power their live event experiences, and we rely on each other to make it happen. Teamwork - We believe individual achievement pales in comparison to the level of success that can be achieved by a team Integrity - We are committed to the highest moral and ethical standards on behalf of the countless partners and stakeholders we represent Belonging - We are committed to building a culture in which all people can be their authentic selves, have an equal voice and opportunities to thrive EQUAL EMPLOYMENT OPPORTUNITY We are passionate and committed to our people and go beyond the rhetoric of diversity and inclusion. You will be working in an inclusive environment and be encouraged to bring your whole self to work. We will do all that we can to help you successfully balance your work and homelife. As a growing business we will encourage you to develop your professional and personal aspirations, enjoy new experiences, and learn from the talented people you will be working with. It’s talent that matters to us and we encourage applications from people irrespective of their gender, race, sexual orientation, religion, age, disability status or caring responsibilities. Ticketmaster strongly supports equal employment opportunity for all applicants regardless of age (40 and over), ancestry, color, religious creed (including religious dress and grooming practices), family and medical care leave or the denial of family and medical care leave, mental or physical disability (including HIV and AIDS), marital status, domestic partner status, medical condition (including cancer and genetic characteristics), genetic information, military and veteran status, political affiliation, national origin (including language use restrictions), citizenship, race, sex (including pregnancy, childbirth, breastfeeding and medical conditions related to pregnancy, childbirth or breastfeeding), gender, gender identity, and gender expression, sexual orientation, or any other basis protected by applicable federal, state or local law, rule, ordinance or regulation. We will consider qualified applicants with criminal histories in a manner consistent with the requirements of the Los Angeles Fair Chance Ordinance, San Francisco Fair Chance Ordinance and the California Fair Chance Act and consistent with other similar and / or applicable laws in other areas. We also afford equal employment opportunities to qualified individuals with a disability. For this reason, Ticketmaster will make reasonable accommodations for the known physical or mental limitations of an otherwise qualified individual with a disability who is an applicant consistent with its legal obligations to do so, including reasonable accommodations related to pregnancy in accordance with applicable local, state and / or federal law. As part of its commitment to make reasonable accommodations, Ticketmaster also wishes to participate in a timely, good faith, interactive process with a disabled applicant to determine effective reasonable accommodations, if any, which can be made in response to a request for accommodations. Applicants are invited to identify reasonable accommodations that can be made to assist them to perform the essential functions of the position they seek. Any applicant who requires an accommodation in order to perform the essential functions of the job should contact a Human Resources Representative to request the opportunity to participate in a timely interactive process. Ticketmaster will also provide reasonable religious accommodations on a case-by-case basis. HIRING PRACTICES The preceding job description has been designed to indicate the general nature and level of work performed by employees within this classification. It is not designed to contain or be interpreted as a comprehensive inventory of all duties, responsibilities, and qualifications required of employees assigned to this job. Ticketmaster recruitment policies are designed to place the most highly qualified persons available in a timely and efficient manner. Ticketmaster may pursue all avenues available, including promotion from within, employee referrals, outside advertising, employment agencies, internet recruiting, job fairs, college recruiting and search firms. The expected compensation for this position in NYC is: $104,000-$130,000 annually The expected compensation for this position in Westchester is $104,000-$130,000 annually **Please note that the compensation information provided is a good faith estimate for this position only and is provided pursuant to the New York Salary Transparency in Job Advertisements Law. It is estimated based on what a successful New York City applicant might be paid. It assumes that the successful candidate will be in New York City or perform the position from New York City. Similar positions located outside of New York City will not necessarily receive the same compensation. Live Nation takes into consideration a candidate’s education, training, and experience, as well as the position’s work location, expected quality and quantity of work, required travel (if any), external market and internal value, including seniority and merit systems, and internal pay alignment when determining the salary level for potential new employees. In compliance with the NYC Law, a potential new employee’s salary history will not be used in compensation decisions. **Please note that the compensation information provided is a good faith estimate for this position only and is provided pursuant to the Westchester County Human Rights Law. It is estimated based on what a successful Westchester County applicant might be paid. It assumes that the successful candidate will be in Westchester County or perform the position from Westchester County. Similar positions located outside of Westchester County will not necessarily receive the same compensation. Live Nation takes into consideration a candidate’s education, training, and experience, as well as the position’s work location, expected quality and quantity of work, required travel (if any), external market and internal value, including seniority and merit systems, and internal pay alignment when determining the salary level for potential new employees. In compliance with the Westchester County, a potential new employee’s salary history will not be used in compensation decisions. - The expected compensation for this position is: $104,000.00 USD - $130,000.00 USD 
 ** Pay is based on a number of factors including market location, qualifications, skills, and experience.",classification; agile; project management; leadership; teamwork; english,Indeed公开数据,https://www.indeed.com/viewjob?jk=8e7ef42d89d65a18,15129
Network Security Engineer,Cybersecurity Analyst - Remote Nationwide,Optum,"Eden Prairie, MN 55343",Full-time,"Join UnitedHealth Groups Enterprise Information Security (EIS) organization if you want to be the first-line defense against securing the largest healthcare company in the world against security threats. We are focused on transformation by strengthening our cyber defenses, ransomware resiliency, mitigating vulnerabilities, and better securing all aspects of our company, globally. We are vigilant and passionate about protecting the sensitive data of our members and providers and are committed to leveraging every tool, partnership and process needed to enhance our security posture. It is our duty to protect the information of those we serve and help fulfill our mission of making the health care system work better for everyone. 
 The Data, Use Cases and Partnerships Analyst will leverage data analytic skills to inform a holistic approach to Threat Intelligence. The analyst will assess threat intelligence feeds for fidelity, timeliness, and redundancy, develop extract/transform/load (ETL) and document their work and findings. The analyst will identify use cases informed by the data and our business partners and collaborate with stakeholders to implement those use cases. 
 You’ll enjoy the flexibility to telecommute* from anywhere within the U.S. as you take on some tough challenges. 
 You’ll be rewarded and recognized for your performance in an environment that will challenge you and give you clear direction on what it takes to succeed in your role as well as provide development for other roles you may be interested in. 
 Required Qualifications: 
 
 Bachelor's Degree (or higher) OR 4+ years of military experience 
 3+ years of experience with a Threat Intelligence Platform 
 2+ years of experience with Python, Pandas 
 2+ years of documentation, Read the Docs or GitHub Pages experience 
 1+ years of experience with Splunk or similar technology 
 1+ years of CTI analyst or SOC experience 
 1+ years of experience consuming from REST APIs 
 
 Preferred Qualifications: 2+ years SQL 
 2+ years documentation, Read the Docs or GitHub Pages 
 
 *All Telecommuters will be required to adhere to UnitedHealth Group’s Telecommuter Policy. 
 
 California, Colorado, Nevada, Connecticut, New York, New Jersey, Rhode Island, Hawaii, Washington, or Washington D.C Residents Only: The hourly range for California, Colorado, Nevada, Connecticut, New York, New Jersey, Rhode Island, Hawaii, Washington, or Washington D.C residents is $70,200 to $137,800 per year. Pay is based on several factors including but not limited to local labor markets, education, work experience, certifications, etc. UnitedHealth Group complies with all minimum wage laws as applicable. In addition to your salary, UnitedHealth Group offers benefits such as, a comprehensive benefits package, incentive and recognition programs, equity stock purchase and 401k contribution (all benefits are subject to eligibility requirements). No matter where or when you begin a career with UnitedHealth Group, you’ll find a far-reaching choice of benefits and incentives. 
 
 Pursuant to the San Francisco Fair Chance Ordinance, we will consider for employment qualified applicants with arrest and conviction records. 
 
 Application Deadline: This will be posted for a minimum of 2 business days or until a sufficient candidate pool has been collected. Job posting may come down early due to volume of applicants. 
 
 At UnitedHealth Group, our mission is to help people live healthier lives and make the health system work better for everyone. We believe everyone–of every race, gender, sexuality, age, location and income–deserves the opportunity to live their healthiest life. Today, however, there are still far too many barriers to good health which are disproportionately experienced by people of color, historically marginalized groups and those with lower incomes. We are committed to mitigating our impact on the environment and enabling and delivering equitable care that addresses health disparities and improves health outcomes — an enterprise priority reflected in our mission. 
 Diversity creates a healthier atmosphere: UnitedHealth Group is an Equal Employment Opportunity / Affirmative Action employer and all qualified applicants will receive consideration for employment without regard to race, color, religion, sex, age, national origin, protected veteran status, disability status, sexual orientation, gender identity or expression, marital status, genetic information, or any other characteristic protected by law. 
 
 UnitedHealth Group is a drug - free workplace. Candidates are required to pass a drug test before beginning employment. 
 
 #RPO #GREEN",python; pandas; sql,Indeed公开数据,https://www.indeed.com/viewjob?jk=99c8afe671722f45,4657
Network Security Engineer,Cybersecurity Exercise & Incident Response Analyst,Citi,"New York, NY",Full-time,"About Citi: Citi, the leading global bank, has approximately 200 million customer accounts and does business in more than 160 countries and jurisdictions. Citi provides consumers, corporations, governments, and institutions with a broad range of financial products and services, including consumer banking and credit, corporate and investment banking, securities brokerage, transaction services, and wealth management. As a bank with a brain and a soul, Citi creates economic value that is systemically responsible and in our clients’ best interests. As a financial institution that touches every region of the world and every sector that shapes your daily life, our Enterprise Operations & Technology teams are charged with a mission that rivals any large tech company. Our technology solutions are the foundations of everything we do from keeping the bank safe, managing global resources, and providing the technical tools our workers need to be successful to designing our digital architecture and ensuring our platforms provide a first-class customer experience. We reimagine client and partner experiences to deliver excellence through secure, reliable, and efficient services. Our commitment to diversity includes a workforce that represents the clients we serve from all walks of life, backgrounds, and origins. We foster an environment where the best people want to work. We value and demand respect for others, promote individuals based on merit, and ensure opportunities for personal development are widely available to all. Ideal candidates are innovators with well-rounded backgrounds who bring their authentic selves to work and complement our culture of delivering results with pride. If you are a problem solver who seeks passion in your work, come join us. We’ll enable growth and progress together. About Our Team: The Chief Information Security Office (CISO) is home to deeply talented colleagues that work to ensure the safety of Citi's clients', our revenue, our employees and our proprietary data. We manage information security as one end-to end program – one with a clear mandate and accountability. Our mission is a program that is fully anchored to modern control and architectural frameworks, is fully aligned with the enterprise architecture of the firm and is deeply integrated into the sectors and functions. As a Cybersecurity Exercise & Incident Response Analyst, you will be working within the Cyber Security Fusion Center (CSFC), driving firm-wide effort to prepare, respond and recover from potential cyber threats and attacks. This role ensures the firm is globally prepared to respond to cyber incidents (resulting from a cyber or technology nexus). This is accomplished through proactive monitoring of emerging incidents, development and execution of cyber incident exercises, and review and maintenance of procedures and runbooks necessary to ensure an orderly response and recovery from cyber events. The CSFC Cybersecurity Exercise Incident Response Analyst will operate a virtual war room and incident management function during events to ensure coordination, mitigation, and recovery from events in a timely manner. This role also provides a single source of consolidated information, and subsequent incident communication/notifications. We are looking for proactive and curious individuals to join our team to run exercises and activities to put our most senior leaders to tests with the mission to keep Citi and Citi’s customers safe. This team will consist of full time employees located strategically in regional locations to provide global coverage. Responsibilities: Executes under crisis conditions regardless of the seniority of the audience, with a sense of urgency and mission Monitor information sources, including, but not limited to – SIRTS, intelligence updates, major incident channels (ServiceNow), and external news sources – to triage and assess events that may impact Citi, our clients or 3rd parties. Facilitate the coordination, communication and escalation response of major cyber incidents impacting our businesses, 3rd parties, vendors and clients Serve as a liaison between the CISO, Business and 3rd Party oversight teams, promoting rapid escalation of cyber events and translating cyber technical details into laymen’s terms Leads design, planning, coordination and execution of global cyber incident exercises Engages country leadership, global business leaders and internal functional teams to assess requirements and identify opportunities to incorporate innovation and improve exercise scope Analyzes and presents team outcomes to senior leadership, regulatory bodies and internal business stakeholders Qualifications: 6+ years relevant experience Extensive experience engaging with Senior Stakeholders Incident/Crisis management experience including: Ownership, Assessment and initial support, Escalation/Notification, Business Impact Analysis, Resolution Tracking, Senior escalations Experience in exercise design, planning and execution Experience with C Suite Briefing Excellent written and verbal communication skills required to influence and negotiate with senior leaders across functions (including experience in communications with external parties) Understanding of Project Management Standards Desired Professional Certifications: ISC2 Certified in Cybersecurity, CompTIA Security+ Fluent speaking Spanish a plus (Not a Requirement) Education: Bachelor’s degree or equivalent experience - Job Family Group: Technology
 - Job Family: Information Security
 - Time Type: Full time
 - Primary Location: New York New York United States
 - Primary Location Full Time Salary Range: $142,320.00 - $213,480.00
 In addition to salary, Citi’s offerings may also include, for eligible employees, discretionary and formulaic incentive and retention awards. Citi offers competitive employee benefits, including: medical, dental & vision coverage; 401(k); life, accident, and disability insurance; and wellness programs. Citi also offers paid time off packages, including planned time off (vacation), unplanned time off (sick leave), and paid holidays. For additional information regarding Citi employee benefits, please visit citibenefits.com. Available offerings may vary by jurisdiction, job level, and date of hire. - Anticipated Posting Close Date: Aug 26, 2024
 - Citi is an equal opportunity and affirmative action employer. Qualified applicants will receive consideration without regard to their race, color, religion, sex, sexual orientation, gender identity, national origin, disability, or status as a protected veteran. Citigroup Inc. and its subsidiaries (""Citi”) invite all qualified interested applicants to apply for career opportunities. If you are a person with a disability and need a reasonable accommodation to use our search tools and/or apply for a career opportunity review Accessibility at Citi. View the ""EEO is the Law"" poster. View the EEO is the Law Supplement. View the EEO Policy Statement. View the Pay Transparency Posting",cybersecurity; project management; communication; leadership,Indeed公开数据,https://www.indeed.com/viewjob?jk=c3187725ec114eaf,7024
Network Security Engineer,Lead Information Security Analyst,Wells Fargo,"New York, NY",Full-time,"About this role: 
 Wells Fargo is seeking a Lead Information Security Analyst in Technology as part of Cybersecurity. Learn more about the career areas and lines of business at wellsfargojobs.com.
 
 The Lead Information Security Analyst will serve in a support role on the Cybersecurity Business Information Security Officer (BISO) / Technical Information Security Officer (TISO) who will report directly to the BISO/TISO. This role will provide hands-on experience to support the Senior Leads and BISO/TISO mission of proactively driving down risk and managing and owning the cyber posture for the CIO teams and the lines of business. As a Lead Information Security Analyst, you will be part of a team of cyber professionals that share a passion for cyber risk management and solutioning cyber challenges.
 
 In this role, you will: Provide cyber context to business issues, and provide business and CIO perspective back to Cybersecurity Represent each Cyber domain through deep understanding of cybersecurity, cyber risks, priorities and initiatives Serve the cybersecurity needs of the CIO teams through proactively anticipating risks, and proactively providing solutions to address challenges Work with BISO/TISO and team to consistently demonstrate a hands-on approach, proactive engagement, diligent and focused on delivering commitments aligned to cyber strategic, tactical and operational priorities, and bi-directionally with the lines of business and CIO teams, Apply a deep understanding of cybersecurity domains Identify opportunities and strategies for continuous cyber risk based improvement Collaborate and influence throughout all levels including more experienced managers Interface across first, second and third line, as well as potentially external agencies, regulatory bodies or industry forums Consult the organization on complex security issues and findings Evaluate and interpret internal and companywide information security policies, processes, standards, and participate with more experienced leaders in decision making on information security Required Qualifications: 5+ years of Information Security Analysis experience, or equivalent demonstrated through one or a combination of the following: work experience, training, military experience, education Desired Qualifications: Degree in Computer Science, Information Systems, Cybersecurity or equivalent Well versed experience and knowledge across the cybersecurity domains Demonstrate clear, articulate written and verbal communication Job Expectations: Travel up to 10% of the time Pay Range 
 Reflected is the base pay range offered for this position. Pay may vary depending on factors including but not limited to achievements, skills, experience, or work location. The range listed is just one component of the compensation package offered to candidates.
 $111,100.00 - $237,100.00
 Benefits 
 Wells Fargo provides all eligible full- and part-time employees with a comprehensive set of benefits designed to protect their physical and financial health and to help them make the most of their financial future. Visit Benefits - Wells Fargo Careers for an overview of the following benefit plans and programs offered to employees.
 401(k) Plan Paid Time Off Parental Leave Critical Caregiving Leave Discounts and Savings Health Benefits Commuter Benefits Tuition Reimbursement Scholarships for dependent children Adoption Reimbursement Posting End Date: 8 Aug 2024
 
 Job posting may come down early due to volume of applicants. We Value Diversity 
 At Wells Fargo, we believe in diversity, equity and inclusion in the workplace; accordingly, we welcome applications for employment from all qualified candidates, regardless of race, color, gender, national origin, religion, age, sexual orientation, gender identity, gender expression, genetic information, individuals with disabilities, pregnancy, marital status, status as a protected veteran or any other status protected by applicable law.
 
 Employees support our focus on building strong customer relationships balanced with a strong risk mitigating and compliance-driven culture which firmly establishes those disciplines as critical to the success of our customers and company. They are accountable for execution of all applicable risk programs (Credit, Market, Financial Crimes, Operational, Regulatory Compliance), which includes effectively following and adhering to applicable Wells Fargo policies and procedures, appropriately fulfilling risk and compliance obligations, timely and effective escalation and remediation of issues, and making sound risk decisions. There is emphasis on proactive monitoring, governance, risk identification and escalation, as well as making sound risk decisions commensurate with the business unit's risk appetite and all risk and compliance program requirements.
 
 Candidates applying to job openings posted in US: All qualified applicants will receive consideration for employment without regard to race, color, religion, sex, sexual orientation, gender identity, national origin, disability, status as a protected veteran, or any other legally protected characteristic.
 
 Applicants with Disabilities 
 To request a medical accommodation during the application or interview process, visit Disability Inclusion at Wells Fargo .
 
 Drug and Alcohol Policy 
 Wells Fargo maintains a drug free workplace. Please see our Drug and Alcohol Policy to learn more.
 
 Wells Fargo Recruitment and Hiring Requirements: 
 a. Third-Party recordings are prohibited unless authorized by Wells Fargo.
 
 b. Wells Fargo requires you to directly represent your own experiences during the recruiting and hiring process.",cybersecurity; communication,Indeed公开数据,https://www.indeed.com/viewjob?jk=3bc4d21d06b2cbbb,5680
Network Security Engineer,Cyber Security Analyst - 640837,CONSUMER AND WORKER PROTECTION,"New York, NY",Full-time,"Cyber Security Analyst - 640837 Apply 
 Cyber Security Analyst - 640837 Agency: CONSUMER AND WORKER PROTECTION Posted on: 08/01/2024 
 Job type: Full-time Location NYC-ALL BOROS 
 Title Classification: Exam may be required Department 
 Tech & Strategic Solutions 
 Salary range: $86,101.00 – $115,000.00 
 Job Description 
 THIS POSITION MAY BE ELIGIBLE FOR REMOTE WORK FOR UP TO 2 DAYS PER WEEK, PURSUANT TO THE REMOTE WORK PILOT PROGRAM.
 
 The NYC Department of Consumer and Worker Protection (DCWP) protects and enhances the daily economic lives of New Yorkers to create thriving communities. DCWP licenses more than 45,000 businesses in more than 40 industries and enforces key consumer protection, licensing, and workplace laws that apply to countless more. By supporting businesses through equitable enforcement and access to resources and, by helping to resolve complaints, DCWP protects the marketplace from predatory practices and strives to create a culture of compliance. Through its community outreach and the work of its offices of Financial Empowerment and Labor Policy & Standards, DCWP empowers consumers and working families by providing the tools and resources they need to be educated consumers and to achieve financial health and work-life balance. DCWP also conducts research and advocates for public policy that furthers its work to support New York City’s communities. For more information about DCWP and its work, call 311 or visit DCWP at nyc.gov/dcwp or on its social media sites, Twitter, Facebook, Instagram and YouTube.
 
 In 2016, following DCWP’s successful implementation of the City’s Paid Sick Leave Law, DCWP’s mandate expanded yet again to add the Office of Labor Policy & Standards (OLPS), which is NYC’s central resource for workers and a dedicated voice for workers in City government. OLPS is the largest municipal labor standards office in the country and is charged with conducting original data collection and research, policy development, education and outreach on key workplace issues, and advocating for and enforcing a new generation workplace protections. DCWP now stands at the nexus of consumers, businesses, and working families in New York City and is pioneering how city government can protect and enhance the lives of all of players in the marketplace, including consumers, business and workers, and how that work ultimately fosters stronger, more sustainable, and thriving communities. Through its Office of Financial Empowerment, DCWP assists low-income and immigrant New Yorkers to build assets and make the most of their financial resources by providing free financial counseling at Financial Empowerment Centers across the City, access to mainstream banking, and encouraging Earned Income Tax Credit utilization. DCWP is seeking to hire a Cyber Security Analyst Level II to join its IT Services Division. Under the direction of the Executive Director Infrastructure, the Cyber Security Analyst Level II will assist with implementing cybersecurity polices, standards, directives, and guidelines that draws heavily from citywide cyber policies implemented by the City of New York for all agencies.
 The Cyber Security Analyst defends against cybersecurity incidents and identifies, analyzes, communicates and contains incidents as they occur. This cybersecurity role requires excellent communication skills, creativity, strong technical background, and familiarity with tradition and emerging security technologies and practices. The activities of this role will be split between day-to-day operations and working on new and existing cybersecurity related projects.
 
 Major Responsibilities:
 
 
 Under supervision, with latitude for independent initiative and decision making, assist DoTSS in liaising with the NYC Office of Technology and Innovation (OTI) by ensuring any security threats are mitigated by DCWP in a timely manner. With an effort to remain proactive and stay ahead of the issues, respond to alerts and events that could threaten the Agency’s information technology security posture. Characterize and analyze network traffic and server/cloud performance metrics to identify anomalous activity and potential threats. Complete appropriate patching on various systems, including workstations, servers and network equipment such as switches, voice gateways and routers. Analyze identified malicious activity to determine means, method, and details of exploitations against agency systems and applications. Evaluate commercial software in conjunction with OTI for safe use by NYC DCWP. Guide ITOPS in reimage/restore devices and equipment to previous known good states after an incident. Validate, analyze, investigate and mitigate reported trouble tickets or incidents from OTI. Follow up to ensure DCWP staff are taking and following Cyber Security Training. Ensure new software (COTS, on-prem, cloud-based CRM) are being developed following citywide security standards and protocols passes through SDLC and security accreditation (from OTI). Follow up on incident reports and app scan reports to ensure that proper mitigation is taking place in timely manner. Conduct network monitoring and intrusion detection analysis using various computer network defense tools, such as intrusion detection/prevention systems, firewalls and host-based security systems; review and adjust ACL as needed based on source/destination/port by requirement. Conduct log-based and endpoint-based threat detection to detect and protect against threats coming from multiple sources Correlate activity across assets (endpoint, network, apps) and environments (on-premises, cloud) to identify patterns of anomalous or suspicious activity. Support the creation of business continuity/disaster recovery plans, including conducting disaster recovery tests, publishing test results and making changes necessary to address deficiencies. Research emerging threats and vulnerabilities to aid in the identification of incidents. Provide users with incident response support, including mitigating actions to contain activity and facilitating forensic analysis when necessary. Perform security standards testing against computers or IT equipment before implementation to ensure security standards are met. Coordinate with OTI and ITOPS on providing IT inventory, performing DCWP security audits and coordinate comptroller and Criminal Justice Information Security (CJIS) directive audits. Minimum Qualifications
 1. A baccalaureate degree, from an accredited college including or supplemented by twenty-four (24) semester credits in cyber security, network security, computer science, computer programming, computer engineering, information technology, information science, information systems management, network administration, or a pertinent scientific, technical or related area; or 2. A four-year high school diploma or its equivalent approved by a State’s department of education or a recognized accrediting organization and three years of satisfactory experience in any of the areas described in “1” above; or 3. Education and/or experience equivalent to “1” or “2”, above. College education may be substituted for up to two years of the required experience in “2” above on the basis that sixty (60) semester credits from an accredited college is equated to one year of experience. In addition, twenty-four (24) credits from an accredited college or graduate school in cyber security, network security, computer science, computer programming, computer engineering, information technology, information science, information systems management, network administration, or a pertinent scientific, technical or related area; or a certificate of at least 625 hours in computer programming from an accredited technical school (post high school), may be substituted for one year of experience. Preferred Skills
 1. Experience in IT audit, enterprise risk management, penetration tester, red team/incident responder or as a junior security operations analyst. 2. Experience with regulatory compliance and information security management frameworks (such as International Organization for Standardization [IS0] 27000-1 or 27000-2, COBIT, National Institute of Standards and Technology [NIST] 800-53 or 800-171). 3. Strong decision-making capabilities, with a proven ability to weigh the relative costs and benefits of potential actions and identify the most appropriate one. 4. An ability to effectively influence others to modify their opinions, plans or behaviors. 5. An understanding of organizational mission, values, goals and consistent application of this knowledge. 6. Strong problem-solving and troubleshooting skills. 7. Certified Information Systems Security Professional (CISSP), Certified Information Systems Auditor (CISA), Certified Information Security Manager (CISM). 8. Understanding of privilege access management for severs (preferred knowledge of Delinea/Centrify) 9. Familiarity with CISA Binding Operational Directives. 10. Familiarity with Trellix/McAfee/CrowdStrike/Rapid7, and Azure.
 
 55a Program
 This position is also open to qualified persons with a disability who are eligible for the 55-a Program. Please indicate at the top of your resume and cover letter that you would like to be considered for the position through the 55-a Program.
 
 Public Service Loan Forgiveness
 As a prospective employee of the City of New York, you may be eligible for federal loan forgiveness programs and state repayment assistance programs. For more information, please visit the U.S. Department of Education’s website at 
 
 Residency Requirement
 New York City residency is generally required within 90 days of appointment. However, City Employees in certain titles who have worked for the City for 2 continuous years may also be eligible to reside in Nassau, Suffolk, Putnam, Westchester, Rockland, or Orange County. To determine if the residency requirement applies to you, please discuss with the agency representative at the time of interview.
 
 Additional Information
 The City of New York is an inclusive equal opportunity employer committed to recruiting and retaining a diverse workforce and providing a work environment that is free from discrimination and harassment based upon any legally protected status or protected characteristic, including but not limited to an individual's sex, race, color, ethnicity, national origin, age, religion, disability, sexual orientation, veteran status, gender identity, or pregnancy. Minimum Qualifications
 1. A baccalaureate degree, from an accredited college including or supplemented by twenty-four (24) semester credits in cyber security, network security, computer science, computer programming, computer engineering, information technology, information science, information systems management, network administration, or a pertinent scientific, technical or related area; or 2. A four-year high school diploma or its equivalent approved by a State’s department of education or a recognized accrediting organization and three years of satisfactory experience in any of the areas described in “1” above; or 3. Education and/or experience equivalent to “1” or “2”, above. College education may be substituted for up to two years of the required experience in “2” above on the basis that sixty (60) semester credits from an accredited college is equated to one year of experience. In addition, twenty-four (24) credits from an accredited college or graduate school in cyber security, network security, computer science, computer programming, computer engineering, information technology, information science, information systems management, network administration, or a pertinent scientific, technical or related area; or a certificate of at least 625 hours in computer programming from an accredited technical school (post high school), may be substituted for one year of experience. Preferred Skills
 1.\tExperience in IT audit, enterprise risk management, penetration tester, red team/incident responder or as a junior security operations analyst. \n2.\tExperience with regulatory compliance and information security management frameworks (such as International Organization for Standardization [IS0] 27000-1 or 27000-2, COBIT, National Institute of Standards and Technology [NIST] 800-53 or 800-171). \n3.\tStrong decision-making capabilities, with a proven ability to weigh the relative costs and benefits of potential actions and identify the most appropriate one. \n4.\tAn ability to effectively influence others to modify their opinions, plans or behaviors. \n5.\tAn understanding of organizational mission, values, goals and consistent application of this knowledge. \n6.\tStrong problem-solving and troubleshooting skills. \n7.\tCertified Information Systems Security Professional (CISSP), Certified Information Systems Auditor (CISA), Certified Information Security Manager (CISM). \n8.\tUnderstanding of privilege access management for severs (preferred knowledge of Delinea/Centrify) \n9.\tFamiliarity with CISA Binding Operational Directives. \n10.\tFamiliarity with Trellix/McAfee/CrowdStrike/Rapid7, and Azure.
 
 55a Program
 This position is also open to qualified persons with a disability who are eligible for the 55-a Program. Please indicate at the top of your resume and cover letter that you would like to be considered for the position through the 55-a Program.
 
 Public Service Loan Forgiveness
 As a prospective employee of the City of New York, you may be eligible for federal loan forgiveness programs and state repayment assistance programs. For more information, please visit the U.S. Department of Education’s website at 
 
 Residency Requirement
 New York City residency is generally required within 90 days of appointment. However, City Employees in certain titles who have worked for the City for 2 continuous years may also be eligible to reside in Nassau, Suffolk, Putnam, Westchester, Rockland, or Orange County. To determine if the residency requirement applies to you, please discuss with the agency representative at the time of interview.
 
 Additional Information
 The City of New York is an inclusive equal opportunity employer committed to recruiting and retaining a diverse workforce and providing a work environment that is free from discrimination and harassment based upon any legally protected status or protected characteristic, including but not limited to an individual's sex, race, color, ethnicity, national origin, age, religion, disability, sexual orientation, veteran status, gender identity, or pregnancy. 
 Job ID 640837 
 Title code 
 13633 
 Civil service title 
 CYBER SECURITY ANALYST 
 Title classification 
 Competitive-1 
 Business title 
 Cyber Security Analyst - 640837 
 Posted until 
 2024-10-01 
 Experience level: Experienced (non-manager) Job level 
 02 
 Number of positions 
 1 
 Work location 
 42 Broadway, N.Y. 
 Category: Technology, Data & Innovation",classification; azure; network security; cybersecurity; communication,Indeed公开数据,https://www.indeed.com/viewjob?jk=c26e217774b18093,14936
Network Security Engineer,Information Security Lead Analyst - C13 - NEW YORK,Citi,"New York, NY",Full-time,"Job Description
 Overview of the Role Citi, the leading global bank, has approximately 200 million customer accounts and does business in more than 160 countries and jurisdictions. Citi provides consumers, corporations, governments, and institutions with a broad range of financial products and services, including consumer banking and credit, corporate and investment banking, securities brokerage, transaction services, and wealth management. As a bank with a brain and a soul, Citi creates economic value that is systemically responsible and in our clients’ best interests. As a financial institution that touches every region of the world and every sector that shapes your daily life, our Enterprise Operations & Technology teams are charged with a mission that rivals any large tech company. Our technology solutions are the foundations of everything we do from keeping the bank safe, managing global resources, and providing the technical tools our workers need to be successful to designing our digital architecture and ensuring our platforms provide a first-class customer experience. We reimagine client and partner experiences to deliver excellence through secure, reliable, and efficient services. Our commitment to diversity includes a workforce that represents the clients we serve from all walks of life, backgrounds, and origins. We foster an environment where the best people want to work. We value and demand respect for others, promote individuals based on merit, and ensure opportunities for personal development are widely available to all. Ideal candidates are innovators with well-rounded backgrounds who bring their authentic selves to work and complement our culture of delivering results with pride. If you are a problem solver who seeks passion in your work, come join us. We’ll enable growth and progress together. The Information Security Lead Analyst is an intermediate level position in CISO's Identity Access Management (IAM) department, responsible for governing Citi's Authentication Domain Standard (ADS), driving efforts to monitor and escalate non-compliant applications and ensuring application teams remediate the issues adequately on time. The overall objective of this role is to ensure IAM has a robust Authentication Governance program and the authentication governance team can effectively govern ADS. Responsibilities: Mature IAM's Authentication governance program Ensure timely updates of Authentication Domain Standard Develop corrective action language for Information Security (IS) gaps, and ensure risk closure meets Citi requirements or industry best practices Facilitate the implementation of approved IS tools and identify/recommend new or improved security solutions or emerging technologies Mitigate risk by analyzing the root cause of issues, impacts to business, and required corrective actions and develop security solutions Ensure IS compliance and seek opportunities to enhance the efficiency of IS policies and procedures Identify significant IS threats and vulnerabilities, and define appropriate controls for discovered threats, documenting the business response Disseminate changes to IS regulations and standards to Business and Program owners Provide Information Security advice and counsel as needed Appropriately assess risk when business decisions are made, demonstrating particular consideration for the firm's reputation and safeguarding Citigroup, its clients and assets, by driving compliance with applicable laws, rules and regulations, adhering to Policy, applying sound ethical judgment regarding personal behavior, conduct and business practices, and escalating, managing and reporting control issues with transparency. Qualifications: 6-10 years of relevant experience Additional technical certifications are a plus. Demonstrated ability to research and apply current information regarding the IS field Consistently demonstrates clear and concise written and verbal communication Proven influencing and relationship management skills Proven analytical skills Experience with tools such as CSI, ICAPS, and Archer are preferred. Education: Bachelor’s degree/University degree or equivalent experience Master’s degree preferred This job description provides a high-level review of the types of work performed. Other job-related duties may be assigned as required. - Job Family Group: Technology
 - Job Family: Information Security
 - Time Type: Full time
 - Primary Location: New York New York United States
 - Primary Location Full Time Salary Range: $142,320.00 - $213,480.00
 In addition to salary, Citi’s offerings may also include, for eligible employees, discretionary and formulaic incentive and retention awards. Citi offers competitive employee benefits, including: medical, dental & vision coverage; 401(k); life, accident, and disability insurance; and wellness programs. Citi also offers paid time off packages, including planned time off (vacation), unplanned time off (sick leave), and paid holidays. For additional information regarding Citi employee benefits, please visit citibenefits.com. Available offerings may vary by jurisdiction, job level, and date of hire. - Anticipated Posting Close Date: Jul 29, 2024
 - Citi is an equal opportunity and affirmative action employer. Qualified applicants will receive consideration without regard to their race, color, religion, sex, sexual orientation, gender identity, national origin, disability, or status as a protected veteran. Citigroup Inc. and its subsidiaries (""Citi”) invite all qualified interested applicants to apply for career opportunities. If you are a person with a disability and need a reasonable accommodation to use our search tools and/or apply for a career opportunity review Accessibility at Citi. View the ""EEO is the Law"" poster. View the EEO is the Law Supplement. View the EEO Policy Statement. View the Pay Transparency Posting",communication,Indeed公开数据,https://www.indeed.com/viewjob?jk=a547032252277c4b,5892
DevOps Engineer,"Senior AWS DevOps Engineer / Remote / Atlanta, GA",Motion Recruitment,"Little Rock, AR 72202",Full-time,"Job Description
 A growing company in the healthcare IT space is looking for their next engineering team member! They are hiring for a Senior AWS DevOps engineer to work for them full-time and hybrid in their Atlanta office. This company specializes in building a cloud-based camera system for monitoring babies in the NICU ward of hospitals. This platform provides families with 24/7 live stream video of their babies in addition to educational platforms for new parents.
 
 They need an AWS DevOps engineer who can come in and manage their cloud infrastructure and security alongside a team of eight. You will be utilizing AWS, CDK, Docker, ECS, GitHub, and GitHub actions daily. Looking for a great growth position? Apply now!
 
 Required Skills & Experience 
 AWS CDK Docker ECS GitHub + GitHub Actions Security Experience The Offer 
 Full time. Must be local to Atlanta. You will receive the following benefits: 
 Medical Insurance through United Healthcare (100% covered for you + family). Stock Options Dental Plan Benefits Vision Plan Benefits Paid Time Off (PTO) 401K Plan 
 Applicants must be currently authorized to work in the US on a full-time basis now and in the future.",aws; docker; devops,Indeed公开数据,https://www.indeed.com/viewjob?jk=63d0d9a59f6f5446,1185
DotNet Developer,Senior .NET Engineer Lead,Kforce,"Draper, UT 84020",Contract,"RESPONSIBILITIES: Kforce has a client in Draper, UT that is looking for an experienced Senior .NET Engineer Lead for a 6-month project. This will be a team of 4 experienced engineers with meaningful legacy code refactoring experience. The team will add/integrate anti-fraud measures to our client's .NET Framework-based platform. There may be some Angular work as well. The Team Lead is expected to be 25% hands on and support the team with managerial comms, technical challenges, team cohesion and alignment the other 75%. The 2 other team members will be expected to perform at a senior engineer level. 
 Responsibilities: 
 
 Know when, why, and how to create assets (decks, docs) to align and guide clients and team members toward the desired future state 
 Lead by example: help others estimate, answer questions, demonstrate good work habits 
 Pair to teach concepts or overcome hurdles 
 Identify and raise issues, risks, and concerns in a productive way 
 Partner with Kforce and client managers to achieve goals 
 Collect info from team and draft weekly status report for Kforce 
 Contribution Responsibilities: 
 
 Dive into legacy codebase and understand its functionality 
 Ramp up on Plaid's anti-fraud offerings, both APIs and UI elements 
 Identify areas for integration with Plaid's anti-fraud offerings (APIs and UI elements) 
 Collaborate with team members to estimate and plan code changes 
 Add and or refactor code to integrate with Plaid 
 Integrate with Plaid's API on the back end 
 Add and wire up Plaid-provided UI elements to ASP.NET MVC and/or Angular-based front ends 
 Refactor existing tests as needed 
 Design and implement unit, integration, and end to end tests as needed 
 Work closely with cross-functional teams to meet project milestones and deadlines 
 REQUIREMENTS: 
 
 8+ years of overall software development experience 
 Team Lead attitude and approach 
 Understand success is team productivity not individual productivity 
 Sufficiently tolerant of interruptions 
 Able to politely set boundaries 
 Audience aware communicator 
 Low ego, comfortable being judged on (team) results 
 Senior engineer skillset, especially 
 Proactive vs. reactive 
 Capable of owning chunks of work 
 Able to resolve moderate amounts of ambiguity aka get stuff done 
 Strong C# and .NET Framework (version 4.8) 
 Strong in current version of Angular 
 Strong in ASP.NET MVC 
 Familiar with WCF APIs and ASPX pages 
 Previous experience with Plaid anti-fraud integration OR willingness to learn quickly 
 Understand RESTful API usage: RESTful principles, HTTP Verbs, status codes, best practices 
 Experience with SOAP, XML and JSON 
 Unit testing experience 
 Excellent problem-solving and communication skills 
 Motivated by challenges and driven to deliver results efficiently 
 Additional Information: This is a remote position with core working hours from 8:00 AM to 4:00 PM MST (flexibility may be considered). Candidates must exhibit a high level of adaptability and be comfortable with SCRUM-based iterative development. Speed and quality are paramount in this role, as we aim to achieve project goals within a tight timeline. 
 The pay range is the lowest to highest compensation we reasonably in good faith believe we would pay at posting for this role. We may ultimately pay more or less than this range. Employee pay is based on factors like relevant education, qualifications, certifications, experience, skills, seniority, location, performance, union contract and business needs. This range may be modified in the future. 
 We offer comprehensive benefits including medical/dental/vision insurance, HSA, FSA, 401(k), and life, disability & ADD insurance to eligible employees. Salaried personnel receive paid time off. Hourly employees are not eligible for paid time off unless required by law. Hourly employees on a Service Contract Act project are eligible for paid sick leave. 
 Note: Pay is not considered compensation until it is earned, vested and determinable. The amount and availability of any compensation remains in Kforce's sole discretion unless and until paid and may be modified in its discretion consistent with the law. 
 This job is not eligible for bonuses, incentives or commissions. 
 Kforce is an Equal Opportunity/Affirmative Action Employer. All qualified applicants will receive consideration for employment without regard to race, color, religion, sex, pregnancy, sexual orientation, gender identity, national origin, age, protected veteran status, or disability status.",c#; angular; scrum; communication,Indeed公开数据,https://www.indeed.com/viewjob?jk=895850e4687d8cb3,4535
Hadoop,"Data Platform Business Ownership, Analyst","MUFG Bank, Ltd.","210 Hudson Street, Jersey City, NJ 07030",Full-time,"Do you want your voice heard and your actions to count? Discover your opportunity with Mitsubishi UFJ Financial Group (MUFG), the 7th largest financial group in the world. Across the globe, we’re 120,000 colleagues, striving to make a difference for every client, organization, and community we serve. We stand for our values, building long-term relationships, serving society, and fostering shared and sustainable growth for a better world. With a vision to be the world’s most trusted financial group, it’s part of our culture to put people first, listen to new and diverse ideas and collaborate toward greater innovation, speed and agility. This means investing in talent, technologies, and tools that empower you to own your career. Join MUFG, where being inspired is expected and making a meaningful impact is rewarded. The selected colleague will work at an MUFG office or client sites four days per week and work remotely one day. A member of our recruitment team will provide more details.
 Summary As a Data Platform Business Ownership Analyst, you will be responsible for conducting data analysis and testing to support of MUFG’s key data platforms owned by the Chief Data Office (CDO) team. You will also be involved in creating presentations in PowerPoint, preparing trainings, formal communications, and policy documents for various stakeholders, such as data owners, data consumers, and data stewards. You will work closely with the Data Platform Business Ownership Lead and other team members to ensure alignment and consistency across data initiatives and projects. This role is ideal for someone who is looking for mentoring and growth opportunities in the data domain. You will have the chance to learn from senior data professionals and contribute to the data platform transformation of the organization. You will also have the opportunity to develop your skills in data governance and data quality. Responsibilities Support the data platform vision and strategy, focused on sourcing additional superset data into the data platform Support enhancing the data platforms by contributing to initiatives to bring in AWS tools/services that enable business self-service Establish and maintain data platform standards, policies, procedures, and best practices to ensure data quality, security, privacy, and compliance Support User Acceptance Testing (UAT) and regression testing while looking for ways to automate activities Monitor and measure the performance, availability, and usage of the data platform and provide regular reports and feedback to senior management and stakeholders Build and maintain strong relationships with internal and external stakeholders, including business units, IT, vendors, and partners to ensure alignment and collaboration on data platform initiatives Qualifications Prior data analysis experience utilizing tools such as SQL, Tableau, Tableau Prep, or Python Experience supporting User Acceptance Testing (UAT) and regression testing Experience in AWS native tools such as Glue, Athena, DMS and Lake Formation for data ingestion, processing, transformation, and analysis is preferred Excellent communication, presentation, and interpersonal skills and ability to communicate complex data concepts and insights to technical and non-technical audiences Strong strategic thinking, analytical, and problem-solving skills and ability to translate business requirements into data solutions Strong collaboration skills Strong project management, organizational, and time management skills and ability to manage multiple data projects simultaneously Experience in preparing trainings, formal communications, and policy documents for data-related topics The typical base pay range for this role is between $87K - $105K depending on job-related knowledge, skills, experience and location. This role may also be eligible for certain discretionary performance-based bonus and/or incentive compensation. Additionally, our Total Rewards program provides colleagues with a competitive benefits package (in accordance with the eligibility requirements and respective terms of each) that includes comprehensive health and wellness benefits, retirement plans, educational assistance and training programs, income replacement for qualified employees with disabilities, paid maternity and parental bonding leave, and paid vacation, sick days, and holidays. For more information on our Total Rewards package, please click the link below. MUFG Benefits Summary The above statements are intended to describe the general nature and level of work being performed. They are not intended to be construed as an exhaustive list of all responsibilities duties and skills required of personnel so classified.
 We are proud to be an Equal Opportunity Employer and committed to leveraging the diverse backgrounds, perspectives and experience of our workforce to create opportunities for our colleagues and our business. We do not discriminate on the basis of race, color, national origin, religion, gender expression, gender identity, sex, age, ancestry, marital status, protected veteran and military status, disability, medical condition, sexual orientation, genetic information, or any other status of an individual or that individual’s associates or relatives that is protected under applicable federal, state, or local law.",python; data analysis; regression; tableau; sql; aws; project management; communication,Indeed公开数据,https://www.indeed.com/viewjob?jk=d677335388aefd32,5343
Java Developer,Java Developer Level 2,Kforce,"Cincinnati, OH 45202",Contract,"RESPONSIBILITIES: Kforce has a client in Cincinnati, OH that is seeking a Level 2 Java Developer to join their team on a 6-month contract. This will be supporting the Collaborative Planning, Forecasting, and Replenishment team. Candidates can be remote, but EST is preferred. 
 Summary: The Java Developer is responsible for leading the design, development, testing, debugging, maintaining, and documenting software components to which they are assigned. The Developer will be involved in the technical design process and completes estimates and work plans for design, development, implementation, and rollout tasks. The Developer also communicates with the appropriate teams to ensure that assignments are delivered with the highest quality and in accordance with standards. The Developer strives to continuously improve the software delivery processes and practices. 
 Responsibilities: 
 
 Lead and participate in the design and implementation of large and/or architecturally significant applications 
 Champion company standards and best practices; Work to continuously improve software delivery processes and practices 
 Build partnerships across the application, business, and infrastructure teams 
 Develop programming specifications. Design, code, and unit test application code using Software Development Life Cycle (SDLC) best practices 
 Complete estimates and work plans independently as appropriate for design, development, implementation, and rollout tasks 
 Create technical system documentation and ensure that this documentation remains current throughout all phases of the SDLC 
 Participate in all phases of system testing 
 Communicate with the appropriate teams to ensure that assignments are managed appropriately and that completed assignments are of the highest quality 
 REQUIREMENTS: 
 
 Proficiency in Java and Spring Boot. 
 Experience with Azure cloud services 
 Strong front-end development skills using React.js 
 Experience in supporting CPFR (Collaborative Planning, Forecasting, and Replenishment) efforts 
 Solid understanding of SDLC best practices 
 Excellent problem-solving and debugging skills 
 Strong verbal and written communication skills 
 Ability to work independently and as part of a team 
 Preferred Qualifications: 
 
 Experience with other front-end technologies such as HTML5, CSS3, and JavaScript 
 Knowledge of containerization technologies like Docker 
 Familiarity with CI/CD tools such as Jenkins 
 Experience with version control systems like Git 
 Knowledge of database systems and SQL 
 The pay range is the lowest to highest compensation we reasonably in good faith believe we would pay at posting for this role. We may ultimately pay more or less than this range. Employee pay is based on factors like relevant education, qualifications, certifications, experience, skills, seniority, location, performance, union contract and business needs. This range may be modified in the future. 
 We offer comprehensive benefits including medical/dental/vision insurance, HSA, FSA, 401(k), and life, disability & ADD insurance to eligible employees. Salaried personnel receive paid time off. Hourly employees are not eligible for paid time off unless required by law. Hourly employees on a Service Contract Act project are eligible for paid sick leave. 
 Note: Pay is not considered compensation until it is earned, vested and determinable. The amount and availability of any compensation remains in Kforce's sole discretion unless and until paid and may be modified in its discretion consistent with the law. 
 This job is not eligible for bonuses, incentives or commissions. 
 Kforce is an Equal Opportunity/Affirmative Action Employer. All qualified applicants will receive consideration for employment without regard to race, color, religion, sex, pregnancy, sexual orientation, gender identity, national origin, age, protected veteran status, or disability status.",java; javascript; react; spring; spring boot; sql; database; azure; docker; jenkins; ci/cd; git; communication,Indeed公开数据,https://www.indeed.com/viewjob?jk=c328667a127a95c4,3921
ETL Developer,Junior Data Engineer- Test Data Management,Humana,Remote,Full-time,"Become a part of our caring community and help us put health first You have the opportunity to work in optimizing testing strategies and ensuring robust data accuracy, making you the cornerstone of successful software development. Your expertise will drive the creation of high-quality test data, helping teams to innovate with confidence. Embrace this challenge and lead the way in delivering flawless reliable test data.
 
 Job Description Summary
 The Junior Data Engineer is pivotal in designing, building, and maintaining advanced data processing architectures and solutions that facilitate the generation and movement of compliant test data. In this role, you will be a key player in optimizing testing strategies and ensuring data accuracy, thereby reinforcing the foundation of successful software development. Your expertise will enable the creation of high-quality test data, empowering teams to innovate confidently.
 
 Job Responsibilities
 
 Utilize tools like GenRocket and Informatica to generate artificial and de-identified test data. Collaborate closely with stakeholders to understand and fulfill data requirements for various projects. Aid in incremental data refreshes and enterprise-wide data refresh initiatives. Employ de-identification, obfuscation, artificial and database virtualization techniques to cleanse, organize, and transform data into compliant test data. Develop new capabilities such as the movement of specific, integrated data throughout the Humana ecosystem. Contribute to the creation of solutions from strategies formed by leadership, ensuring alignment with the Test Data Management strategies. Profile applications to identify sensitive data and make informed decisions on data handling to streamline stakeholder review processes. Job Requirements Bachelor’s degree in engineering, Computer Science, or a related technical field. At least 2 years of professional experience in data engineering or a similar role. Proficiency in data generation and management tools such as GenRocket and Informatica. Strong understanding of data de-identification and obfuscation techniques. Ability to work independently with minimal direction and handle ambiguous situations. Excellent communication skills for effective stakeholder engagement. Strategic thinking and problem-solving capabilities. Preferred Qualifications Experience with database virtualization and working with large-scale data environments. Familiarity with healthcare industry standards and compliance requirements. Use your skills to make an impact About Humana At Humana, we are dedicated to ensuring our members receive the best possible care. As a part of our team, you will be at the forefront of transforming health care through innovative technology solutions. Join us and lead the way in delivering flawless, reliable test data. Scheduled Weekly Hours 40
 Pay Range The compensation range below reflects a good faith estimate of starting base pay for full time (40 hours per week) employment at the time of posting. The pay range may be higher or lower based on geographic location and individual pay will vary based on demonstrated job related skills, knowledge, experience, education, certifications, etc.
 
 $86,600 - $119,200 per year
 
 This job is eligible for a bonus incentive plan. This incentive opportunity is based upon company and/or individual performance.
 Description of Benefits Humana, Inc. and its affiliated subsidiaries (collectively, “Humana”) offers competitive benefits that support whole-person well-being. Associate benefits are designed to encourage personal wellness and smart healthcare decisions for you and your family while also knowing your life extends outside of work. Among our benefits, Humana provides medical, dental and vision benefits, 401(k) retirement savings plan, time off (including paid time off, company and personal holidays, volunteer time off, paid parental and caregiver leave), short-term and long-term disability, life insurance and many other opportunities.
 About us Humana Inc. (NYSE: HUM) is committed to putting health first – for our teammates, our customers and our company. Through our Humana insurance services and CenterWell healthcare services, we make it easier for the millions of people we serve to achieve their best health – delivering the care and service they need, when they need it. These efforts are leading to a better quality of life for people with Medicare, Medicaid, families, individuals, military service personnel, and communities at large.
 Equal Opportunity Employer It is the policy of Humana not to discriminate against any employee or applicant for employment because of race, color, religion, sex, sexual orientation, gender identity, national origin, age, marital status, genetic information, disability or because he or she is a protected veteran. It is also the policy of Humana to take affirmative action to employ and to advance in employment, all persons regardless of race, color, religion, sex, sexual orientation, gender identity, national origin, age, marital status, genetic information, disability or protected veteran status, and to base all employment decisions only on valid job requirements. This policy shall apply to all employment actions, including but not limited to recruitment, hiring, upgrading, promotion, transfer, demotion, layoff, recall, termination, rates of pay or other forms of compensation and selection for training, including apprenticeship, at all levels of employment. 
 Not Specified 
 0",database; stakeholder; communication; leadership,Indeed公开数据,https://www.indeed.com/viewjob?jk=73850ccc15bdd93b,5524
ETL Developer,Data Engineer - Remote,Optum,"Eden Prairie, MN 55343",Full-time,"Optum is a global organization that delivers care, aided by technology to help millions of people live healthier lives. The work you do with our team will directly improve health outcomes by connecting people with the care, pharmacy benefits, data and resources they need to feel their best. Here, you will find a culture guided by diversity and inclusion, talented peers, comprehensive benefits and career development opportunities. Come make an impact on the communities we serve as you help us advance health equity on a global scale. Join us to start Caring. Connecting. Growing together. 
 
 You’ll enjoy the flexibility to work remotely * from anywhere within the U.S. as you take on some tough challenges. 
 
 Primary Responsibilities: 
 
 Research, evaluate, identify alternative approaches, recommend, design and code efficient and effective solutions for challenging problems ranging from small to large work efforts for low to high complexity problems 
 Perform complex and responsible analytical work, special project tasks, ad-hoc analyses, and prepare relevant reports and presentations as assigned 
 Comply with standards and guidelines related to the design, construction, testing and deployment activities as established by departmental and organizational standards 
 Demonstrate collaborative skills working within a project team of diverse skills and will bring communication skills including oral, written and presentation skills, creativity, and problem-solving skills to a challenging environment 
 Partner with other competency leads/ developers and support project planning, technical design, development, and solution deployment functions 
 Identify opportunities in business processes, system capabilities and delivery methodologies for continuous improvement as applicable 
 Lead, mentor and develop development resources and provide project related directions 
 Act in a technical SME role, support development, QA, and production support teams in SDLC and operational activities 
 
 You’ll be rewarded and recognized for your performance in an environment that will challenge you and give you clear direction on what it takes to succeed in your role as well as provide development for other roles you may be interested in. Required Qualifications: 
 
 Undergraduate degree or 4+ years of equivalent experience 
 5+ years of experience with modern relational databases 
 5+ years of experience optimizing SQL statements 
 5+ years of experience working on commercially available software and / or healthcare platforms as a Data Engineer, Quality Assurance or Data analytics 
 3+ years of experience building data pipelines in Azure Data factory, Databricks, App services, Az Functions 
 3+ years of experience working with Synapse, Cosmos 
 3+ years of experience designing and building Enterprise Data solutions on Cloud 
 2+ years of experience coding with Python 
 1+ years of experience/knowledge of Power BI 
 
 Preferred Qualifications: 
 
 Experience building Big Data solutions on public cloud (Azure) 
 Experience with Data warehousing services, preferably synapse and SQL 
 Experience developing RESTful Services in .NET, Java, or any other language 
 Experience with DevOps in Data engineering 
 Experience with Microservices architecture 
 Experience in using modern software engineering and product development tools including 
 Agile/SAFE, Continuous Integration, Continuous Delivery, DevOps etc. 
 
 All employees working remotely will be required to adhere to UnitedHealth Group’s Telecommuter Policy 
 
 California, Colorado, Connecticut, Hawaii, Nevada, New Jersey, New York, Rhode Island, or Washington Residents Only: The salary range for this role is $70,200 to $137,800 annually. Pay is based on several factors including but not limited to local labor markets, education, work experience, certifications, etc. UnitedHealth Group complies with all minimum wage laws as applicable. In addition to your salary, UnitedHealth Group offers benefits such as, a comprehensive benefits package, incentive and recognition programs, equity stock purchase and 401k contribution (all benefits are subject to eligibility requirements). No matter where or when you begin a career with UnitedHealth Group, you’ll find a far-reaching choice of benefits and incentives. 
 
 Application Deadline: This will be posted for a minimum of 2 business days or until a sufficient candidate pool has been collected. Job posting may come down early due to volume of applicants. 
 
 At UnitedHealth Group, our mission is to help people live healthier lives and make the health system work better for everyone. We believe everyone–of every race, gender, sexuality, age, location and income–deserves the opportunity to live their healthiest life. Today, however, there are still far too many barriers to good health which are disproportionately experienced by people of color, historically marginalized groups and those with lower incomes. We are committed to mitigating our impact on the environment and enabling and delivering equitable care that addresses health disparities and improves health outcomes — an enterprise priority reflected in our mission. 
 
 Diversity creates a healthier atmosphere: UnitedHealth Group is an Equal Employment Opportunity/Affirmative Action employer and all qualified applicants will receive consideration for employment without regard to race, color, religion, sex, age, national origin, protected veteran status, disability status, sexual orientation, gender identity or expression, marital status, genetic information, or any other characteristic protected by law. 
 
 UnitedHealth Group is a drug-free workplace. Candidates are required to pass a drug test before beginning employment.",python; java; power bi; sql; azure; devops; quality assurance; qa; agile; communication,Indeed公开数据,https://www.indeed.com/viewjob?jk=34c1aaca68d91db9,5744
HR,"Manager, Talent Acquisition",Exelon Corporation,Remote,Full-time,"Description We're powering a cleaner, brighter future.
 
 Exelon is leading the energy transformation, and we're calling all problem solvers, innovators, community builders and change makers. Work with us to deliver solutions that make our diverse cities and communities stronger, healthier and more resilient.
 
 We're powered by purpose-driven people like you who believe in being inclusive and creative, and value safety, innovation, integrity and community service. We are a Fortune 200 company, 19,000 colleagues strong serving more than 10 million customers at six energy companies - Atlantic City Electric (ACE), Baltimore Gas and Electric (BGE), Commonwealth Edison (ComEd), Delmarva Power & Light (DPL), PECO Energy Company (PECO), and Potomac Electric Power Company (Pepco).
 
 In our relentless pursuit of excellence, we elevate diverse voices, fresh perspectives and bold thinking. And since we know transforming the future of energy is hard work, we provide competitive compensation, incentives, excellent benefits and the opportunity to build a rewarding career.
 
 Are you in?
 
 PRIMARY PURPOSE OF POSITION The Manager Talent Acquisition will manage and develop a team of recruiters who will drive the recruiting process for ComEd, an Exelon Company. The Manager Talent Acquisition will manage a high-volume, time-sensitive recruitment function that services multiple office locations in the region. The Manager Talent Acquisition will also partner with business leaders and hiring managers to develop and execute hiring strategies and plans. In addition, the Manager Talent Acquisition will be personally responsible for the full-life cycle of management-level openings. The Manager Talent Acquisition must foster an environment of continuous improvement and lead the recruiters in finding the strongest candidates through creative sourcing and emerging recruitment technology. Finally, the Manager Talent Acquisition will work the Recruiting Programs organization to enhance visibility and reputation in key recruiting channels while positioning Exelon as an employer of choice among target candidates and organizations.
 
 PRIMARY DUTIES AND ACCOUNTABILITIES Lead the development and implementation of sourcing strategies, based on workforce plans. Maintain a network of contacts to help identify and source qualified candidates, including external recruiters and employment agencies, schools, alumni groups, and other external organizations. Maintain awareness of the current and anticipated staffing needs of the entire organization by working closely with HR leaders and business unit managers.
 
 Oversee recruitment for a high volume of open positions. Personally manage full life cycle recruiting for key management-level openings. Foster a positive team environment known for collaboration and partnership with HR colleagues, hiring managers and candidates. Lead a team of recruiters in a highly complex and high-volume recruiting environment in order to deliver high-quality candidates, both union and management, to hiring managers. Develop the capabilities of the recruiting team in the areas of effective sourcing, interviewing, and assessment of candidates. Analyze hiring results, metrics and trends to manage performance of team and individuals. Produce accurate and useful reports for clients. Based on data, make appropriate recommendations to enhance the recruiting process. Educate and assist managers in the recruiting and selection process. Maintain current knowledge of relevant recruiting procedures and practices in compliance with State and Federal laws and regulations, and Company policies and procedures. POSITION SCOPE Operates independently with little or no supervision. Requires depth and breadth of experience in recruiting discipline. Integrates knowledge of business and functional priorities to address complex assignments and non- standard situations. Manages a team of recruiters and administrative coordinators. Qualifications Minimum: 
 Bachelor's degree or equivalent experience in HR or related field. Eight to 10 years relevant work experience in recruiting in an operations environment. Customer service orientation, discipline and focus. Data management experience including report generation, measurement, and analysis. Strong interpersonal skills as well as proven external representation skills for outreach activities. Executive presence. Strong ability to operate independently. Demonstrated team player. Strong knowledge of the external sourcing process including internet recruiting and candidate sourcing. Excellent written and verbal communication skills. Preferred: Advanced degree. Prior experience with applicant tracking systems. Energy industry experience. Workforce planning experience. Experience managing and developing a team of recruiters with varying levels of experience Benefits Annual salary will vary based on a candidate's skills, qualifications, experience, and other factors: $114,400-$171,600 Annual bonus and incentive pay up to 20% 401(k) match and annual company contribution Medical, Dental and Vision Insurance Life and disability insurance Generous paid time off, including vacation, floating and fixed holidays and sick time Maternity leave as well as paid bonding/primary caregiver leave or parental leave for the birth or adoption of a child or to care for an ill family member, as applicable (eligibility based on position) Long Term Incentive Plan for eligible positions Wellbeing programs such as tuition reimbursement, adoption assistance and fitness reimbursement Referral bonus program And much more",communication,Indeed公开数据,https://www.indeed.com/viewjob?jk=5c17c9d71e358f59,5605
HR,Support Technician - Human Resources Technician 1,State of Minnesota,"Anoka, MN",Full-time,"Job Details Working Title: Support Technician Job Class: Human Resources Technician 1 Agency: Human Services Dept Job ID: 79055 Location: Anoka Telework Eligible: Yes Full/Part Time: Full-Time Regular/Temporary: Unlimited Who May Apply: Open to all qualified job seekers Date Posted: 08/06/2024 Closing Date: 08/12/2024 Hiring Agency/Seniority Unit: Human Services Dept / DHS Confidential Division/Unit: Hum Res DCT Ops Supp Staff Work Shift/Work Hours: Day Shift Days of Work: Monday - Friday Travel Required: Yes 15% - for NEO and business meetings Salary Range: $22.00 - $30.98 / hourly; $45,936 - $64,686 / annually Classified Status: Classified Bargaining Unit/Union: 217 - Confidential/Unrep FLSA Status: Nonexempt Designated in Connect 700 Program for Applicants with Disabilities: Yes The work you'll do is more than just a job. At the State of Minnesota, employees play a critical role in developing policies, providing essential services, and working to improve the well-being and quality of life for all Minnesotans. The State of Minnesota is committed to equity and inclusion, and invests in employees by providing benefits, support resources, and training and development opportunities. 
 Job Summary **In this role you will be required to travel to our site in Anoka at AMRTC for New Employee Orientation every other Wednesday.** The Human Resources Support Technician provides administrative support to Department of Human Services/Direct Care and Treatment managers, supervisors and employees. This includes providing support and assistance to staff and customers on personnel issues, general administrative support to HR staff, and scanning/validating of personnel documents into the Electronic Document Management system. Principal responsibilities/major tasks include: Effectively assist, inform, advise and consult with employees, supervisors, and/or managers on personnel related policies, procedures and practices as well as collective bargaining agreements and plans Perform administrative duties to maintain efficient operation of the HR unit Function as the Human Resources representative for new employee orientation (NEO), ensuring pre-employment and first day compliance requirements are met and conducting necessary follow-up with supervisors and/or transactions staff. Create, manipulate, and run reports from a variety of software systems and applications as needed or requested ***This position is primarily Telework with a need to occasionally travel to attend meetings in the office. This team is currently teleworking; however, this may change in the future with notice. Telework (Within Minnesota or Neighboring States) *** 
 Qualifications Minimum Qualifications 1 year of experience performing administrative or clerical duties in a human resource setting that demonstrates the following: Experience working with a Human Resources, benefits, or similar type of transactional processing database. Performing a variety of administrative program support functions that includes application and interpretation of statute, policies and procedures, and/or rules and regulations. Preferred Qualifications Our employees are dedicated to ensuring cultural responsiveness. Preferred candidates will have a variety of experiences working effectively with others from different backgrounds and cultures. Working knowledge of the AFSCME, MAPE, MMA and MNA collective bargaining agreements; Commissioners and Managerial Plans; and rules and laws (i.e. FMLA, Affirmative Action and Data Practices) that affect Human Resources. Working knowledge of SEMA4 Additional Requirements To facilitate proper crediting, please ensure that your resume clearly describes your experience in the areas listed and indicates the beginning and ending month and year for each job held. REFERENCE/BACKGROUND CHECKS - The Department of Human Services will conduct reference checks to verify job-related credentials and criminal background check prior to appointment. 
 Application Details How to Apply Select “Apply for Job” at the top of this page. If you have questions about applying for jobs, contact the job information line at 651-259-3637 or email careers@state.mn.us. For additional information about the application process, go to Contact If you have questions about this position, contact Zong Thao at zong.thao@state.mn.us or 651-431-3229. To receive consideration as a Connect 700 Program applicant, apply online, email the Job ID#, the Working Title and your valid Proof of Eligibility Certificate by the closing date to Zong Thao at zong.thao@state.mn.us. About Human Services Dept WE MAKE A DIFFERENCE! The Minnesota Department of Human Services impacts the lives of 1.7 million people every year, helping them meet their basic needs so they can achieve their highest potential. Working together to improve the state we love. What do Minnesota's State employees have in common? A sense of purpose in their work Connection with their coworkers and communities Opportunities for personal and professional growth Benefits As an employee, you'll have access to one of the most affordable health insurance plans in Minnesota, along with other benefits to help you and your family be well. Your benefits may include: Paid vacation and sick leave 12 paid holidays each year Low-cost medical, dental, vision, and prescription drug plans 
 Fertility care, including IVF Diabetes care Dental and orthodontic care for adults and children 6 weeks paid leave for parents of newborn or newly adopted children Pension plan that provides income when you retire (after working at least three years) Employer paid life insurance to provide support for your family in the event of death Short-term and long-term disability insurance that can provide income if you are unable to work due to illness or injury Tax-free expense accounts for health, dental, and dependent care Resources that provide support and promote physical, emotional, social, and financial well-being Support to help you reach your career goals: Training, classes, and professional development Tuition reimbursement Federal Public Service Loan Forgiveness Program (Some positions may qualify for the Public Service Loan Forgiveness Program. For more information, visit the Federal Student Aid website at studentaid.gov) Employee Assistance Program (EAP) for work/life support: A voluntary confidential program that helps employees and their families with life challenges that may impact overall health, personal well-being, or job performance Common sources of stress can be addressed through the EAP: mental health, relationship challenges (personal and work), grief and loss, finances, and legal issues Daily Living/Convenience Services: Chore services, home repair, trip planning, child/elder care Programs, resources and benefits eligibility varies based on type of employment, agency, funding availability, union/collective bargaining agreement, location, and length of service with the State of Minnesota. EQUAL OPPORTUNITY EMPLOYERS Minnesota state agencies are equal opportunity, affirmative action, and veteran-friendly employers. State agencies are committed to creating a workforce that reflects the diversity of the state and strongly encourages persons of color and Indigenous communities, members of the LGBTQIA2S+ community, individuals with disabilities, women, and veterans to apply. The varied experiences and perspectives of employees strengthen the work we do together and our ability to best serve Minnesotans. All qualified applicants will receive consideration for employment without regard to race, color, creed, religion, national origin, sex (including pregnancy, childbirth, and disabilities related to pregnancy or childbirth), gender identity, gender expression, marital status, familial status, age, sexual orientation, status regarding public assistance, disability, veteran status or activity in a local Human Rights Commission or any other characteristic protected by law. APPLICANTS WITH DISABILITIES Minnesota state agencies make reasonable accommodations to their employees and applicants with disabilities. If you have a disability and need assistance in searching or applying for jobs with the State of Minnesota, call the job information line at 651-259-3637 or email careers@state.mn.us and let us know the support you need.",database,Indeed公开数据,https://www.indeed.com/viewjob?jk=600767ed0fac77ec,8332
HR,Contract Recruiter-Remote-PST/MST highly preferred,360 Behavioral Health,California,Full-time,"Who are we? 
 At 360 Behavioral Health, we take pride in our long-standing commitment to providing exceptional care for individuals impacted by autism and other developmental delays. With over three decades of expertise, we are one of the original and most established Applied Behavior Analysis (ABA)-based behavioral health services authorities. Today, 360 Behavioral Health is one of the top ABA, enhanced personal assistance and respite providers in the United States. The commitment, dedication, and approach to care that guided our founders when they opened their doors continues to guide all we do today. Our devotion to their philosophy landed us on the list for “The 5 Best ABA Therapy Providers for 2023”, and to us being labeled as a certified “Best Place To Work”! 
 What would this role do? 
 The Contract Recruiter has knowledge and understanding of full lifecycle recruitment. This position will also play a critical role in developing partnerships within the local community to increase awareness and visibility of open positions, establish talent pipelines, and increase brand awareness. 
 Role Responsibilities 
 
 Provide a high-quality experience for every potential candidate through effective communication and consistent follow-through. 
 Act as a point of contact and build influential candidate relationships during recruitment cycle and at specific periods after hire 
 Develop strong relationships with key stake holders to ensure alignment with specific business priorities and outcomes. 
 Build robust talent pipelines by developing partnerships with community organizations, local colleges and universities, employment agencies, and local human-interest groups. 
 Leverage online recruiting resources, recent market developments, social media and other business resources to build talent pipelines. 
 Organize and attend hiring events, career fairs, campus events, and other networking opportunities. 
 Provide partners with candidates that accurately reflect the knowledge, skills, and abilities of each position. 
 Ensure the effective and timely hiring of roles for the organization. Inclusive of targets, processes, and business needs. 
 Ensure compliance at all levels of the recruitment process. 
 Post all new requisitions to the appropriate job boards. 
 Collaborate with hiring managers on a weekly basis to ensure fluidity of recruitment process. 
 
 Must Haves 
 
 High school diploma or equivalent required 
 Minimum 2 years of full lifecycle recruiting experience required. 
 High Volume recruiting 
 Experience developing strong partnerships with internal and external customers. 
 Ability to build rapport quickly, take a consultative approach and advise hiring managers and interviewers on recruiting best practices. 
 Demonstrate and maintain a positive and professional manner. 
 Manage time efficiently and effectively. 
 Self-motivated to exceed expectations and drive results; ability to work independently. 
 Strong verbal and written communication skills 
 
 Nice to haves 
 
 Bachelor’s degree in human resources, Business Administration or related field, or equivalent work experience, preferred. 
 High volume recruiting experience highly preferred 
 Experience recruiting in an ABA or Behavioral Health environment preferred 
 
 What we offer 
 
 Competitive compensation (we value transparency) $26.00-$28.00/ Hourly 
 Student loan repayment assistance for eligible roles 
 Bonus program(s) for eligible roles 
 Career development and advancement opportunities 
 Flexible scheduling 
 Great and fun company culture 
 Expansive Health, Vision, and Dental plans for our full-time partners 
 401(K) retirement savings program 
 Mileage and phone reimbursement 
 And so much more! 
 
 360 Behavioral Health is an equal opportunity employer. If anyone is unable to fully access any portion of the 360 Behavioral Health on-line system, we are committed to providing reasonable accommodations. Please contact us at 855-360-4437 for assistance. 
 EEO/Minorities/Females/Disabled/Veterans 
 Our organization is an equal employment/affirmative action employer. If you need accommodation for any part of the employment process because of a medical condition or disability, please send an e-mail to benefits360hr@360bhmail.com to let us know the nature of your request. For more EEO information about applicant rights click here. 
 Americans With Disabilities Act 
 360 Behavioral Health, does not discriminate on the basis of disability in its services, programs, or activities. Employment: 360 Behavioral Health does not discriminate based on disability in its hiring or employment practices and complies with the ADA title I employment regulations. Effective Communication: 360 Behavioral Health will, upon request, provide auxiliary aids and services leading to effective communication for people with disabilities, including qualified sign language interpreters, assistive listening devices, documents in Braille, and other ways of making communications accessible to people who have speech, hearing, or vision impairments. Modifications to Policies and Procedures: 360 Behavioral Health, will make reasonable modifications to policies and procedures to ensure that people with disabilities have an equal opportunity to enjoy programs, services, and activities. For example, people with service animals are welcomed in 360 Behavioral Health offices, even where pets and other animals are prohibited. Requests: To request an auxiliary aid or service for effective communication, or a modification of policies or procedures contact [ADA Coordinator name and contact information] as soon as possible, preferably 30 days before the activity or event. For inquiries, please contact us at benefits360hr@360bhmail.com Experience Required
 2 year(s): High Volume Recruiting 2 year(s): Experience with full cycle recruiting Education Required
 High School or better",communication,Indeed公开数据,https://www.indeed.com/viewjob?jk=3cd3385357f31783,5906
HR,Professional Human Resources,Gainwell Technologies LLC,Puerto Rico,Full-time,"Great companies need great teams to propel their operations. Join the group that solves business challenges and enhances the way we work and grow. Working at Gainwell carries its rewards. You’ll have an incredible opportunity to grow your career in a company that values your contributions and puts a premium on work flexibility, learning, and career development. Summary As an People Operations, Specialist at Gainwell, you can contribute your skills as we harness the power of technology to help our clients improve the health and well-being of the members they serve — a community’s most vulnerable. Connect your passion with purpose, teaming with people who thrive on finding innovative solutions to some of healthcare’s biggest challenges. Here are the details on this position Your role in our mission Essential Job Functions Provides service delivery and support in recruitment and employment, new business, employee reassignment, personnel records, employee and/or labor relations, job evaluation, compensation management, benefits administration, organization development, training, AA/EEO, and special projects to fully leverage human capital. Assists in the development and implementation of human resources policies and procedures and their dissemination through employee booklets, communications, and/or meetings. Prepares reports in conformance with legislated requirements or organizational needs to provide appropriate parties with necessary human resources information. Acts as a liaison between employees and/or managers and the organization by interpreting personnel policies and procedures and resolving employee concerns. Processes necessary paperwork for new hires, benefits enrollment, terminations, etc to ensure timely and accurate coverage and cancellations. Works with business units to ensure receipt of information. Enters and maintains employee information in HRIS systems to ensure that employee documentation is current. Researches and consolidates information required for analysis of human resources operations and prepares special projects as assigned. Provides strategic and/or operational consultation on and coordination of core human resources functions to enhance organizational effectiveness. What we're looking for Basic Qualifications Bachelor's degree or equivalent combination of education and experience Bachelor's degree in human resources, business administration or related field preferred Three or more years of human resources experience Experience working with human resources principles, practices and procedures Experience working with corporate and legal employment-related policies Experience working with human resources information systems (HRIS) Other Qualifications Organization skills to balance and prioritize work Interpersonal skills to interact with customers and team members Communication skills Analytical and problem solving skills Personal computer and business solutions software skills Ability to identify, understand and apply federal, state and local changes to and/or new regulations/laws pertaining to human resources Ability to work in a team environment Ability to understand and apply federal, state and local changes to and/or new regulations/laws pertaining to human resources What you should expect in this role Remote Candidate must live in Puerto Rico The deadline to submit applications for this posting is 8/23/2024. #LI-REMOTE #LI-LM1 The pay range for this position is $40,000.00 - $50,000.00 per year, however, the base pay offered may vary depending on geographic region, internal equity, job-related knowledge, skills, and experience among other factors. Put your passion to work at Gainwell. You’ll have the opportunity to grow your career in a company that values work flexibility, learning, and career development. All salaried, full-time candidates are eligible for our generous, flexible vacation policy, a 401(k) employer match, comprehensive health benefits, and educational assistance. We also have a variety of leadership and technical development academies to help build your skills and capabilities. We believe nothing is impossible when you bring together people who care deeply about making healthcare work better for everyone. Build your career with Gainwell, an industry leader. You’ll be joining a company where collaboration, innovation, and inclusion fuel our growth. Learn more about Gainwell at our company website and visit our Careers site for all available job role openings. Gainwell Technologies is committed to a diverse, equitable, and inclusive workplace. We are proud to be an Equal Opportunity Employer, where all qualified applicants will receive consideration for employment without regard to race, religion, color, national origin, gender (including pregnancy, childbirth, or related medical condition), sexual orientation, gender identity, gender expression, age, status as a protected veteran, status as an individual with a disability, or other applicable legally protected characteristics. We celebrate diversity and are dedicated to creating an inclusive environment for all employees.",communication; leadership; problem solving,Indeed公开数据,https://www.indeed.com/viewjob?jk=1423c6312a06b13b,5114
HR,Returnship Opportunity for Former Recruiters!,SoftwareOne,United States,Internship,"Job Function: People & Culture The role: 
 We are seeking a highly motivated individual with a former background in Recruiting to join our SoftwareOne Academy Returnship (SOAR) Program. This paid 12-week program is designed to provide support and integrate versatile professionals who have taken a career break and want to get back into the workforce. As a SOAR participant, you will have the opportunity to refresh and enhance your skills while working on meaningful projects at SoftwareOne.
 Location is open and could be a remote or hybrid role.
 Job Summary As a Talent Acquisition Partner at SoftwareOne, you will be a key player in sourcing, attracting, identifying, and selecting top talent to support our regional growth plans for North America. You will have the opportunity to partner closely with hiring leaders to understand their overall hiring needs and develop recruitment strategies that align with our core values. Role & Responsibilities Initially, you will partner with an existing Talent Acquisition Partner (TAP) to learn the ropes and provide support throughout the recruiting process. This could include sourcing candidates, screening resumes, participating in Intake sessions with hiring managers, interpreting assessment results, crafting job descriptions, and scheduling interviews. Once comfortable, you would be responsible for the end-to-end recruitment process, from initial contact to offer and onboarding.
 The TAP sources, screens, and evaluates candidates through various channels such as job boards, social media, and professional networks. You will also conduct detailed prescreen interviews and administer assessments to identify candidate qualifications and cultural fit. Additional duties will include building and maintaining a diverse pool of potential candidates for future hiring needs.
 Our applicant tracking system is iCIMS, which you would use to track candidates through the recruiting life cycle and maintain data integrity at all times.
 This SOAR role would give you the opportunity to participate in regional and global TA projects that could include employer branding, operational excellence, and diversity & inclusion initiatives just to name a few. Or maybe you will identify a project we haven't even thought of yet to bring meaningful impact to the organization. We welcome all ideas and encourage a mentality of curiosity and innovation!
 What we offer: Competitive hourly pay for the duration of the 12-week SOAR program; opportunity to be considered for a full-time opening after the successful completion of the SOAR program. Ability to contribute to our 401k program, access to employee discounts, participation in company outings and community service events. Skills enhancement – engage in a structured learning program to update and expand your knowledge in your respective field. Project-based assignments when available – contribute to real-world projects and initiatives within our organization. Collaboration and networking – build relationships with colleagues, leaders, and mentors to foster a supportive work environment. Engage in networking opportunities within the organization to expand your professional connections. Innovation and problem-solving – apply your expertise and fresh perspective to identify innovative solutions to challenges faced by the organization. Participate in brainstorming sessions and provide valuable insights to drive continuous improvement. Winning culture, inclusive environment, and friendly people all over the world A remote-friendly organization, with colleagues working remotely either part or full-time. As a culture first organization, being together is how we learn and grow. Where there is a physical office location, we come together in-person at least 3 days for collaboration, support, and to have some fun. Where there is no physical location, we give all our employees an equal cultural experience through a remote setting.
 What we need to see from you: 
 Career break required: you must have taken an intentional career break of at least 3+ years (e.g., for family commitments, personal reasons, sabbatical, etc.) and are now looking to return to the workforce. Professional background: 5+ years of previous experience and expertise in recruiting, preferably in the tech industry. Learning agility: ability to quickly learn new concepts, technologies, and tools. Self-motivation: proactive and driven to succeed. Display a strong work ethic, resilience, and a growth mindset. Communication skills: excellent verbal and written communication skills. Ability to collaborate with diverse teams and present ideas clearly. If you’ve been considering re-entering the workforce but just didn’t know where to start, this is your opportunity. Please apply today and let’s have a conversation! Target compensation for this role will be $25-30 per hour. Actual offers may be higher or lower than this range and will be decided based on a variety of factors, including (but not limited to) candidates’ qualifications, experience, education, and work location.
 We are not able to consider candidates residing in the state of Hawaii currently.
 Why SoftwareOne?: 
 SoftwareOne is a leading global software and cloud solutions provider that is redefining how organizations build, buy, and manage everything in the cloud. By helping clients to migrate and modernize their workloads and applications – and in parallel, to navigate and optimize the resulting software and cloud changes – SoftwareOne unlocks the value of technology. The company’s 9,200 employees are driven to deliver a portfolio of 7,500 software brands with sales and delivery capabilities in ninety countries.
 Underpinning our transitions and evolutions are our seven core values which we expect from all our current employees and look for in our future colleagues. The global nature of our organization allows us to adapt and commit to these values unique to the culture and business needs of each location.",communication,Indeed公开数据,https://www.indeed.com/viewjob?jk=a0a625ba64bedb48,5983
Health and fitness,Health Coach - Remote Call Center,National Jewish Health,"Denver, CO 80246",Full-time,"WORK FROM HOME – FULL TIME National Jewish Health – Tobacco Cessation Program **Remote positions with our team are currently available for candidates located in CO, TX, WI, MN, AZ, CA, IL, FL, VA, HI, OK and NY.** 
 
 Our team enjoys fully remote work and as a 7-day/week call center, we offer a wide variety of scheduling options. 
 The Tobacco Cessation Health Coach is an exciting and rewarding position aimed at freeing people from tobacco addiction. Coaches will connect with a diverse population of participants and meet them where they’re at in their quitting journey. The support provided is primarily conducted over the phone; however, we also use digital programs via web, chat, and text to help our participants towards a tobacco-free life. The Coach position is a challenging role, but having the opportunity to help people make positive changes in their lives is meaningful work. We hear callers express their struggles, challenges, inspiring success stories, and gratitude for the support we provide. Please consider joining our great team of remote Tobacco Cessation Health Coaches to help us with this important cause. 
 
 Traits we are looking for in a Coach 
 Motivational interviewing 
 Active listener 
 Comfortable with technology 
 Call center experience 
 Self-disciplined 
 Resilience 
 Critical thinker 
 Position Summary The Tobacco Cessation Health Coach provides assessment, counseling, education and behavioral intervention to tobacco users. This position directly assists tobacco users by using motivational interviewing techniques in deciding whether to make a quit attempt, obtaining and using cessation medicine and staying abstinent from tobacco. Counseling is conducted over the phone and/or through the internet with participants. 
 Essential Duties 
 Educates and coaches a diverse population of participants in quitting tobacco by following motivational interviewing techniques. Explains Health Initiatives programs to participants, builds rapport, and engages callers following guidelines, protocols and scripting. 
 Completes an intake questionnaire with participants to verify program eligibility. Documents participant data in compliance with HIPAA requirements, departmental standards and specific client guidelines. 
 Maintains friendly, confident, open, and effective communication with participants to identify program eligibility and inspire continued participation. Assists participants to help determine participant’s goals, readiness to change, and supports the behavior change. 
 Engages in a process of continuous training, learning, and professional growth including QA scores and feedback to ensure delivery of the latest evidence-based practices, content knowledge and skills. 
 Maintains call center metrics and individual performance standards. 
 
 Other Duties 
 None 
 
 Competencies 
 Accountability: Accepts full responsibility for self and contribution as a team member; displays honesty and truthfulness; confronts problems quickly; displays a strong commitment to organizational success and inspires others to commit to goals; demonstrates a commitment to National Jewish Health. 
 Attention to Detail: Accomplishing tasks by considering all areas involved, no matter how small; showing concern for all aspects of the job; accurately checking processes and tasks; being watchful over a period of time. Setting high standards of performance for self and others; assuming responsibility and accountability for successfully completing assignments or tasks; self-imposing standards of excellence rather than having standards imposed. 
 Customer Focus: Ensuring that the customer perspective is a driving force behind business decisions and activities; crafting and implementing service practices that meet customers’ and own organization’s needs. 
 Decision Making: Identifying and understanding issues, problems, and opportunities; comparing data from different sources to draw conclusions; using effective approaches for choosing a course of action or developing appropriate solutions; taking action that is consistent with available facts, constraints, and probable consequences. 
 Informing and Communicating: Clearly conveying information and ideas through a variety of media to individuals or groups in a manner that engages the audience and helps them understand and retain the message. 
 
 Supervisory or Managerial Responsibility None 
 Travel None 
 Core Values 
 Be available to work as scheduled and report to work on time. 
 Be willing to accept supervision and work well with others. 
 Be well groomed, appropriately for your role and wear ID Badge visibly. 
 Be in compliance with all departmental and institutional policies, the Employee Handbook, Code of Conduct and completes NetLearning by due date annually. 
 Fosters an inclusive workplace where diversity and individual differences are valued and leveraged to achieve the vision and mission of the institution. 
 Adheres to safe working practices and at all times follows all institutional and departmental safety policies and procedures. 
 Wears appropriate PPE as outlined by the infection control policies and procedures. 
 Demonstrates compliance with all state, federal and all other regulatory agency requirements. 
 
 Minimum Qualifications 
 Education: Bachelor’s Degree required. A degree in Psychology, Social Work or other Human Services field preferred. 
 Work Experience: A minimum of two (2) years of experience as a health coach preferred. 
 Special Training, Certification or Licensure: Fluent in English and Spanish preferred. 
 Salary Range: Salary for this position is set at $20.75/hour. Candidates who are bilingual speaking Spanish will receive an additional $1.00/hour lanugage differential. 
 
 Benefits At National Jewish Health, we recognize that our outstanding faculty and staff are the essence of our organization. For every aspect of health care, our employees are our greatest asset. With that in mind, we have designed a valuable, comprehensive benefits package to meet the needs of our employees and their families. 
 Medical Plans, Dental Plans and Vision Insurance 
 Retirement Plan 
 FSA and HSA 
 Short and Long Term Disability 
 Life Insurance and AD&D 
 Voluntary Benefits, like Accident Insurance, Critical Care and Hospital Indemnity 
 Sick and Vacation Paid Time Off 
 Wellness Program 
 Legal Plan 
 
 Location: National Jewish Health · Quitlogix
 Schedule: Full Time, Evening Shift, variable",qa; communication; english,Indeed公开数据,https://www.indeed.com/viewjob?jk=6fc00a7a58d669fc,6467
Testing,Quality Assurance Tax Analyst,JPMorgan Chase & Co,"Brooklyn, NY 11245",Full-time,"JOB DESCRIPTION Join our Quality Team of Private Bank Operations today! This role offers you the opportunity to join a diverse team of individuals and make a difference each day. As a Quality Assurance Tax Analyst on our Quality Team of Private Bank Operations (International) you will preform quality assurance reviews, participate in cross functional meetings, provide guidance and consultation to data owners, and work collaboratively with stakeholders and management to ensure quality performance is monitored, communicated, and implemented in accordance with firm wide policies and standard operating procedures. Job Responsibilities: Perform quality assurance review of data set up at client onboarding, withholding and reporting stages for tax and reporting purposes 
 Work with members of the Tax and Client Onboarding team on inquiries on tax withholding and reporting rules (i.e. for instance on Common Reporting Standards (CRS), on US tax: Chapter 3, QI and Chapter 4, FATCA, on other national Indirect Taxes) Contribute to continuous improvement and development of the quality program Provide general assistance to data owners and approvers Interpret firm policies and compliance requirements for incorporation into company systems/procedures Work with members of the Tax And Client Onboarding team strengthening, updating/creating procedures and setting controls in place Participate as required to meet schedules or resolve problems at peer level Additional responsibilities assigned by management which may include assistance with process transfers, partner communications, maintenance of quality agreements, etc. Document and deliver information regarding due diligence rules for client identification, documentation, withholding and reporting Required qualifications, skills and capabilities: Knowledge of financial principles and procedures 
 Good knowledge of CRS (Common Reporting Standards) and KYC 
 Knowledge of US tax – W-9, /W-8 and supporting documentation, the QI regime, FATCA law and privacy laws 
 Attention to detail and diligence 
 Strong interpersonal, written and oral communication skills 
 Self-starter, able to work independently and as part of multicultural teams 
 Proficient in organizing, priority-setting, and issues management Bachelor’s degree in a business field or other field with equivalent work experience Preferred qualifications, skills and capabilities: 
 Experience using the tax and/or client onboarding tools and applications Knowledge of Olympic/DTS/ICR 
 Knowledge on the Common Reporting Standards (CRS) in conjunction with the Automatic Exchange of Information 
 Fluent in English, Italian, French appreciated, German a plus ABOUT US 
 JPMorgan Chase & Co., one of the oldest financial institutions, offers innovative financial solutions to millions of consumers, small businesses and many of the world’s most prominent corporate, institutional and government clients under the J.P. Morgan and Chase brands. Our history spans over 200 years and today we are a leader in investment banking, consumer and small business banking, commercial banking, financial transaction processing and asset management.
 
 We offer a competitive total rewards package including base salary determined based on the role, experience, skill set, and location. For those in eligible roles, we offer discretionary incentive compensation which may be awarded in recognition of firm performance and individual achievements and contributions. We also offer a range of benefits and programs to meet employee needs, based on eligibility. These benefits include comprehensive health care coverage, on-site health and wellness centers, a retirement savings plan, backup childcare, tuition reimbursement, mental health support, financial coaching and more. Additional details about total compensation and benefits will be provided during the hiring process. 
 We recognize that our people are our strength and the diverse talents they bring to our global workforce are directly linked to our success. We are an equal opportunity employer and place a high value on diversity and inclusion at our company. We do not discriminate on the basis of any protected attribute, including race, religion, color, national origin, gender, sexual orientation, gender identity, gender expression, age, marital or veteran status, pregnancy or disability, or any other basis protected under applicable law. We also make reasonable accommodations for applicants’ and employees’ religious practices and beliefs, as well as mental health or physical disability needs. Visit our FAQs for more information about requesting an accommodation. 
 JPMorgan Chase is an Equal Opportunity Employer, including Disability/Veterans 
 
 
 ABOUT THE TEAM 
 J.P. Morgan Asset & Wealth Management delivers industry-leading investment management and private banking solutions. Asset Management provides individuals, advisors and institutions with strategies and expertise that span the full spectrum of asset classes through our global network of investment professionals. Wealth Management helps individuals, families and foundations take a more intentional approach to their wealth or finances to better define, focus and realize their goals.",quality assurance; communication; english,Indeed公开数据,https://www.indeed.com/viewjob?jk=eb8caadcd88a5668,5235
Python Developer,Python Developer,TechLabs,Remote,Full-time,"We are looking for a Python Developer to build and maintain backend services and APIs. Responsibilities include writing reusable Python code, developing REST APIs with Flask or Django, working with MySQL and Redis databases, writing unit tests with pytest, and collaborating with frontend developers. Required skills: Python, Django, Flask, REST API, MySQL, Redis, Git, Linux, pytest. Good communication and problem solving skills required.",python; django; flask; rest api; mysql; redis; linux; git; pytest; communication; problem solving,自建数据集,,440
Python Developer,Senior Python Engineer - Data Platform,DataWave,Beijing,Full-time,"Join our data platform team as a Senior Python Engineer. You will design ETL pipelines, build data processing services using Python and pandas, work with Spark and Airflow for batch and stream processing, and deploy services with Docker and Kubernetes. Required: Python, pandas, numpy, Spark, Airflow, Docker, Kubernetes, SQL, Linux, Git.",python; pandas; numpy; spark; airflow; sql; docker; kubernetes; linux; git,自建数据集,,338
Web Designing,Web Designer / UI Designer,PixelWorks,Shanghai,Full-time,"We seek a creative Web Designer to design responsive websites and web applications. You will create wireframes and prototypes using Figma, design UI components with Sketch, and build front-end pages using HTML, CSS, JavaScript and Vue. Required skills: HTML, CSS, JavaScript, Vue, Figma, UI design, UX design, wireframe, prototype, Photoshop.",javascript; html; css; vue; photoshop; figma; sketch; ui design; ux design; wireframe; prototype,自建数据集,,342
Web Designing,Frontend Web Designer,CreativeHub,Shenzhen,Full-time,"Looking for a frontend-focused web designer to craft landing pages and marketing websites. Duties include responsive web design, implementing pages with HTML, CSS, JavaScript and React, and optimizing user experience. Required: HTML, CSS, JavaScript, React, Bootstrap, UI design, communication skills.",javascript; html; css; react; bootstrap; ui design; communication,自建数据集,,301
Automation Testing,Automation Test Engineer,QualityFirst,Hangzhou,Full-time,"We are hiring an Automation Test Engineer to design and maintain automated test frameworks. You will write test automation scripts using Selenium and Python pytest, execute regression test cases, and integrate CI/CD with Jenkins. Required skills: Selenium, Python, pytest, automation testing, quality assurance, Jenkins, Git, Linux.",python; regression; jenkins; ci/cd; linux; git; selenium; pytest; automation testing; quality assurance; test cases,自建数据集,,332
Automation Testing,QA Automation Engineer,TestPro,Wuhan,Full-time,"Responsible for building UI and API automated test suites, managing manual testing and test cases, and reporting quality metrics. Required skills: Selenium, Python, Java, TestNG, manual testing, test cases, Jira, Agile.",python; java; selenium; testng; manual testing; test cases; agile; jira,自建数据集,,219
Blockchain,Blockchain Developer,ChainCore,Remote,Full-time,"We need a Blockchain Developer to design and implement smart contracts on Ethereum. Responsibilities include writing Solidity smart contracts, integrating Web3 libraries, building decentralized applications, and ensuring blockchain security. Required skills: Blockchain, Ethereum, Solidity, Web3, JavaScript, Node.js, cryptography, Git.",javascript; node.js; git; blockchain; ethereum; solidity,自建数据集,,336
Blockchain,Smart Contract Engineer,DeFiLabs,Singapore,Full-time,"Design, develop and audit smart contracts and DeFi protocols. Strong knowledge of Solidity, Ethereum, Web3 and blockchain fundamentals is required. Experience with Go or Rust is a plus. Required: Solidity, Ethereum, Blockchain, Web3, Go, Git, security awareness.",rust; git; blockchain; ethereum; solidity,自建数据集,,262
SAP Developer,SAP ABAP Developer,ERP Solutions,Chengdu,Full-time,"Develop and maintain SAP applications using ABAP programming. You will customize SAP modules such as SAP SD, SAP MM and SAP FICO, write reports and interfaces, and support system upgrades. Required skills: SAP, SAP ABAP, SAP SD, SAP MM, SAP FICO, SQL, database, communication skills.",sql; database; sap; sap abap; sap fico; sap sd; sap mm; communication,自建数据集,,283
SAP Developer,SAP Consultant,Global ERP,Guangzhou,Full-time,"Provide SAP implementation and configuration consulting for enterprise clients. Responsibilities include requirement analysis, SAP module configuration (SD/MM/FICO), and end-user training. Required: SAP, SAP SD, SAP MM, SAP FICO, business analysis, requirement analysis, communication.",business analysis; requirement analysis; sap; sap fico; sap sd; sap mm; communication,自建数据集,,285
Mechanical Engineer,Mechanical Design Engineer,AutoTech,Changchun,Full-time,"Design mechanical components and assemblies for automotive products using CAD software. Perform structural analysis, create engineering drawings, and collaborate with manufacturing. Required skills: mechanical engineering, CAD, SolidWorks, AutoCAD, structural analysis, MATLAB, teamwork, problem solving.",matlab; teamwork; problem solving,自建数据集,,304
Mechanical Engineer,Mechanical Engineer,MachineryWorks,Shenyang,Full-time,"We seek a Mechanical Engineer for equipment design and process optimization. Duties include mechanical design, thermal and stress analysis, and supporting production. Required: mechanical engineering, CAD, SolidWorks, MATLAB, problem solving.",matlab; problem solving,自建数据集,,242
Electrical Engineering,Electrical Engineer,PowerGrid,Nanjing,Full-time,"Design and test electrical systems and circuits for industrial applications. Responsibilities include electrical design, circuit simulation, PLC programming, and on-site commissioning. Required skills: electrical engineering, circuit design, PLC, MATLAB, AutoCAD, problem solving.",matlab; problem solving,自建数据集,,280
Electrical Engineering,Electrical Design Engineer,VoltTech,Xi'an,Full-time,"Develop electrical schematics and power distribution systems, run simulation with MATLAB and EPLAN, and coordinate with hardware teams. Required: electrical engineering, circuit design, MATLAB, AutoCAD, communication.",matlab; communication,自建数据集,,217
Civil Engineer,Civil Engineer,BuildCore,Qingdao,Full-time,"Plan and oversee construction projects, perform structural and site analysis, and ensure compliance with engineering standards. Required skills: civil engineering, structural engineering, AutoCAD, project management, problem solving.",project management; problem solving,自建数据集,,233
Civil Engineer,Structural Engineer,FoundationCo,Tianjin,Full-time,"Design structural frameworks for buildings and bridges, run load analysis, and prepare engineering reports. Required: civil engineering, structural engineering, AutoCAD, MATLAB, teamwork.",matlab; teamwork,自建数据集,,187
